High_Traffic_Rank,Global_Network_Rank,Station_Code,Station_Name,Train_Count,Stop_Count,Network_Share_Pct,Traffic_Tier,Cutoff_Criterion
1,1,CSMT,CST-MUMBAI,1027,1027,9.24,Tier 1: Mega Hub (Top 1%),Top Decile (>= 48 trains)
2,2,KYN,KALYAN JN,828,828,7.45,Tier 1: Mega Hub (Top 1%),Top Decile (>= 48 trains)
3,3,TNA,THANE,796,796,7.16,Tier 1: Mega Hub (Top 1%),Top Decile (>= 48 trains)
4,4,SDAH,SEALDAH,745,745,6.7,Tier 1: Mega Hub (Top 1%),Top Decile (>= 48 trains)
5,5,MSB,CHENNAI BEAC,738,738,6.64,Tier 1: Mega Hub (Top 1%),Top Decile (>= 48 trains)
6,6,HWH,HOWRAH JN.,699,699,6.29,Tier 1: Mega Hub (Top 1%),Top Decile (>= 48 trains)
7,7,DR,DADAR,567,567,5.1,Tier 1: Mega Hub (Top 1%),Top Decile (>= 48 trains)
8,8,DDJ,DUM DUM JN.,463,463,4.17,Tier 1: Mega Hub (Top 1%),Top Decile (>= 48 trains)
9,9,CLA,KURLA,462,462,4.16,Tier 1: Mega Hub (Top 1%),Top Decile (>= 48 trains)
10,10,TBM,TAMBARAM,434,434,3.91,Tier 1: Mega Hub (Top 1%),Top Decile (>= 48 trains)
11,11,BZA,VIJAYWADA JN,416,416,3.74,Tier 1: Mega Hub (Top 1%),Top Decile (>= 48 trains)
12,12,GC,GHAT KOPAR,406,406,3.65,Tier 1: Mega Hub (Top 1%),Top Decile (>= 48 trains)
13,13,BNXR,BIDHANNAGAR,404,404,3.64,Tier 1: Mega Hub (Top 1%),Top Decile (>= 48 trains)
14,14,PNVL,PANVEL,400,400,3.6,Tier 1: Mega Hub (Top 1%),Top Decile (>= 48 trains)
15,15,MLND,MULUND,393,393,3.54,Tier 1: Mega Hub (Top 1%),Top Decile (>= 48 trains)
16,16,MTN,MUMBAI (MATU,393,393,3.54,Tier 1: Mega Hub (Top 1%),Top Decile (>= 48 trains)
17,17,BY,MUMBAI (BYCU,392,392,3.53,Tier 1: Mega Hub (Top 1%),Top Decile (>= 48 trains)
18,18,CNB,KANPUR CENTR,382,383,3.44,Tier 1: Mega Hub (Top 1%),Top Decile (>= 48 trains)
19,19,BRC,VADODARA JN.,376,376,3.38,Tier 1: Mega Hub (Top 1%),Top Decile (>= 48 trains)
20,20,BND,BHANDUP,373,373,3.36,Tier 1: Mega Hub (Top 1%),Top Decile (>= 48 trains)
21,21,VK,VIKHROLI,370,370,3.33,Tier 1: Mega Hub (Top 1%),Top Decile (>= 48 trains)
22,22,NDLS,NEW DELHI,356,356,3.2,Tier 1: Mega Hub (Top 1%),Top Decile (>= 48 trains)
23,23,VVH,VIDYAVIHAR,356,356,3.2,Tier 1: Mega Hub (Top 1%),Top Decile (>= 48 trains)
24,24,NHU,NAHUR,355,355,3.19,Tier 1: Mega Hub (Top 1%),Top Decile (>= 48 trains)
25,25,PR,MUMBAI(PAREL,346,346,3.11,Tier 1: Mega Hub (Top 1%),Top Decile (>= 48 trains)
26,26,CHG,MUMBAI (CHIN,344,344,3.1,Tier 1: Mega Hub (Top 1%),Top Decile (>= 48 trains)
27,27,CRD,MUMBAI CURRE,344,344,3.1,Tier 1: Mega Hub (Top 1%),Top Decile (>= 48 trains)
28,28,MSD,MUMBAI (MASJ,344,344,3.1,Tier 1: Mega Hub (Top 1%),Top Decile (>= 48 trains)
29,29,SNRD,MUMBAI SANDH,344,344,3.1,Tier 1: Mega Hub (Top 1%),Top Decile (>= 48 trains)
30,30,PER,PERAMBUR,342,342,3.08,Tier 1: Mega Hub (Top 1%),Top Decile (>= 48 trains)
31,31,BDC,BANDEL JN.,325,325,2.92,Tier 1: Mega Hub (Top 1%),Top Decile (>= 48 trains)
32,32,BWN,BARDDHAMAN J,319,319,2.87,Tier 1: Mega Hub (Top 1%),Top Decile (>= 48 trains)
33,33,ST,SURAT,316,316,2.84,Tier 1: Mega Hub (Top 1%),Top Decile (>= 48 trains)
34,34,KGP,KHARAGPUR,309,309,2.78,Tier 1: Mega Hub (Top 1%),Top Decile (>= 48 trains)
35,35,MS,CHENNAI EGMO,309,309,2.78,Tier 1: Mega Hub (Top 1%),Top Decile (>= 48 trains)
36,36,NH,NAIHATI JN.,307,307,2.76,Tier 1: Mega Hub (Top 1%),Top Decile (>= 48 trains)
37,37,LLH,LILUAH,306,306,2.75,Tier 1: Mega Hub (Top 1%),Top Decile (>= 48 trains)
38,38,ADI,AHMEDABAD,305,305,2.74,Tier 1: Mega Hub (Top 1%),Top Decile (>= 48 trains)
39,39,BLN,BALLYGUNGE J,300,300,2.7,Tier 1: Mega Hub (Top 1%),Top Decile (>= 48 trains)
40,40,BSL,BHUSAVAL JN.,298,298,2.68,Tier 1: Mega Hub (Top 1%),Top Decile (>= 48 trains)
41,41,BEQ,BELUR,295,295,2.65,Tier 1: Mega Hub (Top 1%),Top Decile (>= 48 trains)
42,42,LKO,LUCKNOW JN.,295,295,2.65,Tier 1: Mega Hub (Top 1%),Top Decile (>= 48 trains)
43,43,VLK,VILLIVAKKAM,293,293,2.64,Tier 1: Mega Hub (Top 1%),Top Decile (>= 48 trains)
44,44,AVD,AVADI,291,291,2.62,Tier 1: Mega Hub (Top 1%),Top Decile (>= 48 trains)
45,45,ET,ITARSI,291,291,2.62,Tier 1: Mega Hub (Top 1%),Top Decile (>= 48 trains)
46,46,MGS,MUGHAL SARAI,291,292,2.62,Tier 1: Mega Hub (Top 1%),Top Decile (>= 48 trains)
47,47,SC,SECUNDERABAD,288,288,2.59,Tier 1: Mega Hub (Top 1%),Top Decile (>= 48 trains)
48,48,ABU,AMBATTUR,281,281,2.53,Tier 1: Mega Hub (Top 1%),Top Decile (>= 48 trains)
49,49,PUNE,PUNE JN.,278,278,2.5,Tier 1: Mega Hub (Top 1%),Top Decile (>= 48 trains)
50,50,UMB,AMBALA CANTT,275,275,2.47,Tier 1: Mega Hub (Top 1%),Top Decile (>= 48 trains)
51,51,VPY,VEYSARPADI,274,274,2.47,Tier 1: Mega Hub (Top 1%),Top Decile (>= 48 trains)
52,52,BBQ,BASIN BRIDGE,268,268,2.41,Tier 1: Mega Hub (Top 1%),Top Decile (>= 48 trains)
53,53,DI,DOMBIVLI,267,267,2.4,Tier 1: Mega Hub (Top 1%),Top Decile (>= 48 trains)
54,54,MMCC,MOOR MARKET,267,267,2.4,Tier 1: Mega Hub (Top 1%),Top Decile (>= 48 trains)
55,55,SRP,SHRIRAMPUR,266,266,2.39,Tier 1: Mega Hub (Top 1%),Top Decile (>= 48 trains)
56,56,DIVA,DIVA JN,265,265,2.38,Tier 1: Mega Hub (Top 1%),Top Decile (>= 48 trains)
57,57,SHE,SEORAPHULI J,265,265,2.38,Tier 1: Mega Hub (Top 1%),Top Decile (>= 48 trains)
58,58,BP,BARRACKPORE,264,264,2.38,Tier 1: Mega Hub (Top 1%),Top Decile (>= 48 trains)
59,59,ASN,ASANSOL MAIN,263,263,2.37,Tier 1: Mega Hub (Top 1%),Top Decile (>= 48 trains)
60,60,GZB,GHAZIABAD JN,262,262,2.36,Tier 1: Mega Hub (Top 1%),Top Decile (>= 48 trains)
61,61,CGL,CHENGALPATTU,254,254,2.29,Tier 1: Mega Hub (Top 1%),Top Decile (>= 48 trains)
62,62,NGP,NAGPUR JN.(C,252,252,2.27,Tier 1: Mega Hub (Top 1%),Top Decile (>= 48 trains)
63,63,BBS,BHUBANESWAR,248,248,2.23,Tier 1: Mega Hub (Top 1%),Top Decile (>= 48 trains)
64,64,KLVA,KALVA,248,248,2.23,Tier 1: Mega Hub (Top 1%),Top Decile (>= 48 trains)
65,65,KOPR,KOPAR,248,248,2.23,Tier 1: Mega Hub (Top 1%),Top Decile (>= 48 trains)
66,66,MBQ,MUMBRA,248,248,2.23,Tier 1: Mega Hub (Top 1%),Top Decile (>= 48 trains)
67,67,JHS,JHANSI JN,246,246,2.21,Tier 1: Mega Hub (Top 1%),Top Decile (>= 48 trains)
68,68,PNBE,PATNA JN.,246,246,2.21,Tier 1: Mega Hub (Top 1%),Top Decile (>= 48 trains)
69,69,KPD,KATPADI JN,245,245,2.2,Tier 1: Mega Hub (Top 1%),Top Decile (>= 48 trains)
70,70,NZM,HAZRAT NIZAM,245,249,2.2,Tier 1: Mega Hub (Top 1%),Top Decile (>= 48 trains)
71,71,ANND,ANAND JN.,243,243,2.19,Tier 1: Mega Hub (Top 1%),Top Decile (>= 48 trains)
72,72,DLI,DELHI JN.,240,240,2.16,Tier 1: Mega Hub (Top 1%),Top Decile (>= 48 trains)
73,73,BPL,BHOPAL,239,239,2.15,Tier 1: Mega Hub (Top 1%),Top Decile (>= 48 trains)
74,74,BLY,BALLY,238,238,2.14,Tier 1: Mega Hub (Top 1%),Top Decile (>= 48 trains)
75,75,MB,MORADABAD JN,238,238,2.14,Tier 1: Mega Hub (Top 1%),Top Decile (>= 48 trains)
76,76,UPA,UTTARPARA,238,238,2.14,Tier 1: Mega Hub (Top 1%),Top Decile (>= 48 trains)
77,77,KUR,KHURDA ROAD,236,236,2.12,Tier 1: Mega Hub (Top 1%),Top Decile (>= 48 trains)
78,78,LDH,LUDHIANA JN.,236,236,2.12,Tier 1: Mega Hub (Top 1%),Top Decile (>= 48 trains)
79,79,KOG,KONNAGAR,235,235,2.11,Tier 1: Mega Hub (Top 1%),Top Decile (>= 48 trains)
80,80,SPR,SONARPUR JN.,235,235,2.11,Tier 1: Mega Hub (Top 1%),Top Decile (>= 48 trains)
81,81,RIS,RISHRA,233,233,2.1,Tier 1: Mega Hub (Top 1%),Top Decile (>= 48 trains)
82,82,VLCY,VELACHEERY,233,233,2.1,Tier 1: Mega Hub (Top 1%),Top Decile (>= 48 trains)
83,83,VSKP,VISAKHAPATNA,233,233,2.1,Tier 1: Mega Hub (Top 1%),Top Decile (>= 48 trains)
84,84,HMZ,HINDMOTOR,231,231,2.08,Tier 2: Major Hub (Top 5%),Top Decile (>= 48 trains)
85,85,BSB,VARANASI JN.,230,230,2.07,Tier 2: Major Hub (Top 5%),Top Decile (>= 48 trains)
86,86,MTMY,THIRUMAYILAI,230,230,2.07,Tier 2: Major Hub (Top 5%),Top Decile (>= 48 trains)
87,87,SRC,SANTRAGACHI,230,230,2.07,Tier 2: Major Hub (Top 5%),Top Decile (>= 48 trains)
88,88,AJJ,ARAKKONAM JN,227,227,2.04,Tier 2: Major Hub (Top 5%),Top Decile (>= 48 trains)
89,89,ABH,AMBERNATH,225,225,2.02,Tier 2: Major Hub (Top 5%),Top Decile (>= 48 trains)
90,90,RJY,RAJAHMUNDRY,220,220,1.98,Tier 2: Major Hub (Top 5%),Top Decile (>= 48 trains)
91,91,BLH,BELGHARIA,219,219,1.97,Tier 2: Major Hub (Top 5%),Top Decile (>= 48 trains)
92,92,GKP,GORAKHPUR JN,219,219,1.97,Tier 2: Major Hub (Top 5%),Top Decile (>= 48 trains)
93,93,SEP,SODPUR,219,219,1.97,Tier 2: Major Hub (Top 5%),Top Decile (>= 48 trains)
94,94,BGJT,.BAGHAJATIN,217,217,1.95,Tier 2: Major Hub (Top 5%),Top Decile (>= 48 trains)
95,95,DHK,DHAKURIA,217,217,1.95,Tier 2: Major Hub (Top 5%),Top Decile (>= 48 trains)
96,96,GIA,GARIA,217,217,1.95,Tier 2: Major Hub (Top 5%),Top Decile (>= 48 trains)
97,97,JDP,JADABPUR,217,217,1.95,Tier 2: Major Hub (Top 5%),Top Decile (>= 48 trains)
98,98,STM,ST. THOMAS M,217,217,1.95,Tier 2: Major Hub (Top 5%),Top Decile (>= 48 trains)
99,99,ED,ERODE JN.,214,214,1.93,Tier 2: Major Hub (Top 5%),Top Decile (>= 48 trains)
100,100,MKK,KODAMBAKKAM,214,214,1.93,Tier 2: Major Hub (Top 5%),Top Decile (>= 48 trains)
101,101,PV,PALLAVARAM,214,214,1.93,Tier 2: Major Hub (Top 5%),Top Decile (>= 48 trains)
102,102,MMR,MANMAD JN.,212,212,1.91,Tier 2: Major Hub (Top 5%),Top Decile (>= 48 trains)
103,103,MTJ,MATHURA JN.,212,212,1.91,Tier 2: Major Hub (Top 5%),Top Decile (>= 48 trains)
104,104,AGP,AGARPARA,210,210,1.89,Tier 2: Major Hub (Top 5%),Top Decile (>= 48 trains)
105,105,KDH,KHARDAHA,210,210,1.89,Tier 2: Major Hub (Top 5%),Top Decile (>= 48 trains)
106,106,SA,SALEM JN.,210,210,1.89,Tier 2: Major Hub (Top 5%),Top Decile (>= 48 trains)
107,107,TGH,TITA GARH,210,210,1.89,Tier 2: Major Hub (Top 5%),Top Decile (>= 48 trains)
108,108,TRL,TIRUVALLUR,209,209,1.88,Tier 2: Major Hub (Top 5%),Top Decile (>= 48 trains)
109,109,RHA,RANAGHAT JN.,207,207,1.86,Tier 2: Major Hub (Top 5%),Top Decile (>= 48 trains)
110,110,TCR,TRICHUR,206,206,1.85,Tier 2: Major Hub (Top 5%),Top Decile (>= 48 trains)
111,111,ALD,ALLAHABAD JN,205,205,1.84,Tier 2: Major Hub (Top 5%),Top Decile (>= 48 trains)
112,112,GDR,GUDUR JN.,203,203,1.83,Tier 2: Major Hub (Top 5%),Top Decile (>= 48 trains)
113,113,NRPR,NARENDRAPUR,200,200,1.8,Tier 2: Major Hub (Top 5%),Top Decile (>= 48 trains)
114,114,PRES,PATTABIRAM E,200,200,1.8,Tier 2: Major Hub (Top 5%),Top Decile (>= 48 trains)
115,115,SNR,SHYAM NAGAR,200,200,1.8,Tier 2: Major Hub (Top 5%),Top Decile (>= 48 trains)
116,116,OGL,ONGOLE,198,198,1.78,Tier 2: Major Hub (Top 5%),Top Decile (>= 48 trains)
117,117,JTJ,JOLARPETTAI,197,197,1.77,Tier 2: Major Hub (Top 5%),Top Decile (>= 48 trains)
118,118,RU,RENIGUNTA JN,197,197,1.77,Tier 2: Major Hub (Top 5%),Top Decile (>= 48 trains)
119,119,MBM,MAMBALAM,196,196,1.76,Tier 2: Major Hub (Top 5%),Top Decile (>= 48 trains)
120,120,NLR,NELLORE,195,195,1.75,Tier 2: Major Hub (Top 5%),Top Decile (>= 48 trains)
121,121,MAS,CHENNAI CENT,192,192,1.73,Tier 2: Major Hub (Top 5%),Top Decile (>= 48 trains)
122,122,RVJ,RAVLI JN,192,192,1.73,Tier 2: Major Hub (Top 5%),Top Decile (>= 48 trains)
123,123,CTC,CUTTACK JN.,189,189,1.7,Tier 2: Major Hub (Top 5%),Top Decile (>= 48 trains)
124,124,KOTA,KOTA,189,189,1.7,Tier 2: Major Hub (Top 5%),Top Decile (>= 48 trains)
125,125,IP,ICHHAPUR,188,188,1.69,Tier 2: Major Hub (Top 5%),Top Decile (>= 48 trains)
126,126,CBE,COIMBATORE,186,186,1.67,Tier 2: Major Hub (Top 5%),Top Decile (>= 48 trains)
127,127,KCG,KACHEGUDA,186,186,1.67,Tier 2: Major Hub (Top 5%),Top Decile (>= 48 trains)
128,128,PTF,PALTA,186,186,1.67,Tier 2: Major Hub (Top 5%),Top Decile (>= 48 trains)
129,129,TI,TIRUNINRAVUR,186,186,1.67,Tier 2: Major Hub (Top 5%),Top Decile (>= 48 trains)
130,130,YPR,YESVANTPUR J,186,186,1.67,Tier 2: Major Hub (Top 5%),Top Decile (>= 48 trains)
131,131,THK,THAKURLI,185,185,1.66,Tier 2: Major Hub (Top 5%),Top Decile (>= 48 trains)
132,132,VSH,VASHI,185,185,1.66,Tier 2: Major Hub (Top 5%),Top Decile (>= 48 trains)
133,133,ANNR,ANNANUR,184,184,1.66,Tier 2: Major Hub (Top 5%),Top Decile (>= 48 trains)
134,134,KNR,KANKINARA,184,184,1.66,Tier 2: Major Hub (Top 5%),Top Decile (>= 48 trains)
135,135,KOTR,KORATTUR,184,184,1.66,Tier 2: Major Hub (Top 5%),Top Decile (>= 48 trains)
136,136,PVM,PATTARAVAKKA,184,184,1.66,Tier 2: Major Hub (Top 5%),Top Decile (>= 48 trains)
137,137,TMVL,THIRUMULLAIV,184,184,1.66,Tier 2: Major Hub (Top 5%),Top Decile (>= 48 trains)
138,138,R,RAIPUR JN.,183,183,1.65,Tier 2: Major Hub (Top 5%),Top Decile (>= 48 trains)
139,139,VZM,VIZIANAGARAM,183,183,1.65,Tier 2: Major Hub (Top 5%),Top Decile (>= 48 trains)
140,140,JP,JAIPUR JN.,180,180,1.62,Tier 2: Major Hub (Top 5%),Top Decile (>= 48 trains)
141,141,BJU,BARAUNI JN.,179,179,1.61,Tier 2: Major Hub (Top 5%),Top Decile (>= 48 trains)
142,142,QLN,QUILON,179,179,1.61,Tier 2: Major Hub (Top 5%),Top Decile (>= 48 trains)
143,143,BT,BARASAT JN.,178,178,1.6,Tier 2: Major Hub (Top 5%),Top Decile (>= 48 trains)
144,144,JBP,JABALPUR,178,178,1.6,Tier 2: Major Hub (Top 5%),Top Decile (>= 48 trains)
145,145,ND,NADIAD JN.,177,177,1.59,Tier 2: Major Hub (Top 5%),Top Decile (>= 48 trains)
146,146,AGC,AGRA CANTT,176,176,1.58,Tier 2: Major Hub (Top 5%),Top Decile (>= 48 trains)
147,147,CGR,CHANDAN NAGA,173,173,1.56,Tier 2: Major Hub (Top 5%),Top Decile (>= 48 trains)
148,148,SPJ,SAMASTIPUR J,173,173,1.56,Tier 2: Major Hub (Top 5%),Top Decile (>= 48 trains)
149,149,CNS,CHUCHURA,171,171,1.54,Tier 2: Major Hub (Top 5%),Top Decile (>= 48 trains)
150,150,RTM,RATLAM JN,171,171,1.54,Tier 2: Major Hub (Top 5%),Top Decile (>= 48 trains)
151,151,BE,BAREILLY JN.,170,170,1.53,Tier 2: Major Hub (Top 5%),Top Decile (>= 48 trains)
152,152,GDY,GUINDY,170,170,1.53,Tier 2: Major Hub (Top 5%),Top Decile (>= 48 trains)
153,153,BSP,BILASPUR JN.,169,169,1.52,Tier 2: Major Hub (Top 5%),Top Decile (>= 48 trains)
154,154,MN,MINAMBAKKAM,169,169,1.52,Tier 2: Major Hub (Top 5%),Top Decile (>= 48 trains)
155,155,MPK,CHENNAI PARK,169,169,1.52,Tier 2: Major Hub (Top 5%),Top Decile (>= 48 trains)
156,156,MSC,CHENNAI CHET,169,169,1.52,Tier 2: Major Hub (Top 5%),Top Decile (>= 48 trains)
157,157,MSF,CHENNAI FORT,169,169,1.52,Tier 2: Major Hub (Top 5%),Top Decile (>= 48 trains)
158,158,NBK,NUNGAMBAKKAM,169,169,1.52,Tier 2: Major Hub (Top 5%),Top Decile (>= 48 trains)
159,159,PZA,PALAVANTHANG,169,169,1.52,Tier 2: Major Hub (Top 5%),Top Decile (>= 48 trains)
160,160,SP,SAIDAPET,169,169,1.52,Tier 2: Major Hub (Top 5%),Top Decile (>= 48 trains)
161,161,TLM,TIRUSULAM,169,169,1.52,Tier 2: Major Hub (Top 5%),Top Decile (>= 48 trains)
162,162,CMP,CHROMEPET,168,168,1.51,Tier 2: Major Hub (Top 5%),Top Decile (>= 48 trains)
163,163,TBMS,TAMBARAM SAN,168,168,1.51,Tier 2: Major Hub (Top 5%),Top Decile (>= 48 trains)
164,164,SBC,KRANTIVIRA S,167,167,1.5,Tier 2: Major Hub (Top 5%),Top Decile (>= 48 trains)
165,165,VAPI,VAPI,167,167,1.5,Tier 2: Major Hub (Top 5%),Top Decile (>= 48 trains)
166,166,KPA,KANCHRAPARA,166,166,1.49,Tier 2: Major Hub (Top 5%),Top Decile (>= 48 trains)
167,167,KYI,KALYANI JN.,166,166,1.49,Tier 2: Major Hub (Top 5%),Top Decile (>= 48 trains)
168,168,KTE,KATNI,165,165,1.48,Tier 2: Major Hub (Top 5%),Top Decile (>= 48 trains)
169,169,AWY,ALWAYE,164,164,1.48,Tier 2: Major Hub (Top 5%),Top Decile (>= 48 trains)
170,170,KIUL,KIUL JN.,164,164,1.48,Tier 2: Major Hub (Top 5%),Top Decile (>= 48 trains)
171,171,KJT,KARJAT,164,164,1.48,Tier 2: Major Hub (Top 5%),Top Decile (>= 48 trains)
172,172,DURG,DURG,163,163,1.47,Tier 2: Major Hub (Top 5%),Top Decile (>= 48 trains)
173,173,STA,SATNA,163,163,1.47,Tier 2: Major Hub (Top 5%),Top Decile (>= 48 trains)
174,174,PGT,PALAKKAD JN,162,162,1.46,Tier 2: Major Hub (Top 5%),Top Decile (>= 48 trains)
175,175,DDC,DUMDUM CANTO,161,161,1.45,Tier 2: Major Hub (Top 5%),Top Decile (>= 48 trains)
176,176,BMT,BEGAMPET,160,160,1.44,Tier 2: Major Hub (Top 5%),Top Decile (>= 48 trains)
177,177,GWL,GWALIOR JN,160,160,1.44,Tier 2: Major Hub (Top 5%),Top Decile (>= 48 trains)
178,178,JUC,JALANDHAR CI,160,160,1.44,Tier 2: Major Hub (Top 5%),Top Decile (>= 48 trains)
179,179,LPI,LINGAMPALLI,160,160,1.44,Tier 2: Major Hub (Top 5%),Top Decile (>= 48 trains)
180,180,TUP,TIRUPPUR,160,160,1.44,Tier 2: Major Hub (Top 5%),Top Decile (>= 48 trains)
181,181,BBT,BIRATI,159,159,1.43,Tier 2: Major Hub (Top 5%),Top Decile (>= 48 trains)
182,182,MMG,MADHYAM GRAM,159,159,1.43,Tier 2: Major Hub (Top 5%),Top Decile (>= 48 trains)
183,183,DGR,DURGAPUR,158,158,1.42,Tier 2: Major Hub (Top 5%),Top Decile (>= 48 trains)
184,184,GAYA,GAYA JN.,158,158,1.42,Tier 2: Major Hub (Top 5%),Top Decile (>= 48 trains)
185,185,JGDL,JAGADAL,158,158,1.42,Tier 2: Major Hub (Top 5%),Top Decile (>= 48 trains)
186,186,LNL,LONAVLA,157,157,1.41,Tier 2: Major Hub (Top 5%),Top Decile (>= 48 trains)
187,187,BRP,BARUIPUR JN.,156,156,1.4,Tier 2: Major Hub (Top 5%),Top Decile (>= 48 trains)
188,188,JSME,JASIDIH JN.,156,156,1.4,Tier 2: Major Hub (Top 5%),Top Decile (>= 48 trains)
189,189,SRE,SAHARANPUR J,156,156,1.4,Tier 2: Major Hub (Top 5%),Top Decile (>= 48 trains)
190,190,BH,BHARUCH JN.,155,155,1.39,Tier 2: Major Hub (Top 5%),Top Decile (>= 48 trains)
191,191,CPR,CHHAPRA JN.,155,155,1.39,Tier 2: Major Hub (Top 5%),Top Decile (>= 48 trains)
192,192,HC,HINDU COLLEG,155,155,1.39,Tier 2: Major Hub (Top 5%),Top Decile (>= 48 trains)
193,193,PRWS,PATTABIRAM W,155,155,1.39,Tier 2: Major Hub (Top 5%),Top Decile (>= 48 trains)
194,194,TLA,TITVALA,155,155,1.39,Tier 2: Major Hub (Top 5%),Top Decile (>= 48 trains)
195,195,BPQ,BALHARSHAH,154,154,1.39,Tier 2: Major Hub (Top 5%),Top Decile (>= 48 trains)
196,196,PNC,PATNA SAHEB,154,154,1.39,Tier 2: Major Hub (Top 5%),Top Decile (>= 48 trains)
197,197,BLS,BALASORE,152,152,1.37,Tier 2: Major Hub (Top 5%),Top Decile (>= 48 trains)
198,198,KYJ,KAYANKULAM J,152,152,1.37,Tier 2: Major Hub (Top 5%),Top Decile (>= 48 trains)
199,199,SLO,SAMALKOT JN.,152,152,1.37,Tier 2: Major Hub (Top 5%),Top Decile (>= 48 trains)
200,200,NJP,NEW JALPAIGU,151,151,1.36,Tier 2: Major Hub (Top 5%),Top Decile (>= 48 trains)
201,201,WL,WARANGAL,151,151,1.36,Tier 2: Major Hub (Top 5%),Top Decile (>= 48 trains)
202,202,MFP,MUZAFFARPUR,149,149,1.34,Tier 2: Major Hub (Top 5%),Top Decile (>= 48 trains)
203,203,EE,ELURU,148,148,1.33,Tier 2: Major Hub (Top 5%),Top Decile (>= 48 trains)
204,204,HLR,HALISAHAR,148,148,1.33,Tier 2: Major Hub (Top 5%),Top Decile (>= 48 trains)
205,205,BINA,BINA,147,147,1.32,Tier 2: Major Hub (Top 5%),Top Decile (>= 48 trains)
206,206,BUD,BADLAPUR,147,147,1.32,Tier 2: Major Hub (Top 5%),Top Decile (>= 48 trains)
207,207,TPJ,TIRUCHIRAPPA,147,147,1.32,Tier 2: Major Hub (Top 5%),Top Decile (>= 48 trains)
208,208,TPTY,TIRUPATI,147,147,1.32,Tier 2: Major Hub (Top 5%),Top Decile (>= 48 trains)
209,209,MAK,MALLIKPUR,146,146,1.31,Tier 2: Major Hub (Top 5%),Top Decile (>= 48 trains)
210,210,SBGR,SUBHASGRAM,146,146,1.31,Tier 2: Major Hub (Top 5%),Top Decile (>= 48 trains)
211,211,BAM,BERHAMPUR,145,145,1.3,Tier 2: Major Hub (Top 5%),Top Decile (>= 48 trains)
212,212,JL,JALGAON JN.,145,145,1.3,Tier 2: Major Hub (Top 5%),Top Decile (>= 48 trains)
213,213,BBAE,BAIDYABATI,144,144,1.3,Tier 2: Major Hub (Top 5%),Top Decile (>= 48 trains)
214,214,BHR,BHADRESHWAR,144,144,1.3,Tier 2: Major Hub (Top 5%),Top Decile (>= 48 trains)
215,215,DGNR,DURGANAGAR,144,144,1.3,Tier 2: Major Hub (Top 5%),Top Decile (>= 48 trains)
216,216,BVI,BORIVLI,143,143,1.29,Tier 2: Major Hub (Top 5%),Top Decile (>= 48 trains)
217,217,HGY,HOOGHLY,143,143,1.29,Tier 2: Major Hub (Top 5%),Top Decile (>= 48 trains)
218,218,MUU,MANKUNDU,143,143,1.29,Tier 2: Major Hub (Top 5%),Top Decile (>= 48 trains)
219,219,TEL,TENALI JN.,143,143,1.29,Tier 2: Major Hub (Top 5%),Top Decile (>= 48 trains)
220,220,KNW,KHANDWA JN.,142,142,1.28,Tier 2: Major Hub (Top 5%),Top Decile (>= 48 trains)
221,221,SRR,SHORANUR JN.,142,142,1.28,Tier 2: Major Hub (Top 5%),Top Decile (>= 48 trains)
222,222,G,GONDIA JN.,141,141,1.27,Tier 2: Major Hub (Top 5%),Top Decile (>= 48 trains)
223,223,TATA,TATANAGAR JN,141,141,1.27,Tier 2: Major Hub (Top 5%),Top Decile (>= 48 trains)
224,224,BL,VALSAD,139,139,1.25,Tier 2: Major Hub (Top 5%),Top Decile (>= 48 trains)
225,225,HHR,HRIDAYPUR,139,139,1.25,Tier 2: Major Hub (Top 5%),Top Decile (>= 48 trains)
226,226,LTT,LOKMANYA TIL,139,139,1.25,Tier 2: Major Hub (Top 5%),Top Decile (>= 48 trains)
227,227,NK,NASIK ROAD,139,139,1.25,Tier 2: Major Hub (Top 5%),Top Decile (>= 48 trains)
228,228,DD,DAUND JN.,138,138,1.24,Tier 2: Major Hub (Top 5%),Top Decile (>= 48 trains)
229,229,BRPK,BISHARPARA-K,137,137,1.23,Tier 2: Major Hub (Top 5%),Top Decile (>= 48 trains)
230,230,ERS,ERNAKULAM. J,137,137,1.23,Tier 2: Major Hub (Top 5%),Top Decile (>= 48 trains)
231,231,NBE,NEW BARRACKP,137,137,1.23,Tier 2: Major Hub (Top 5%),Top Decile (>= 48 trains)
232,232,KIR,KATIHAR JN.,136,136,1.22,Tier 2: Major Hub (Top 5%),Top Decile (>= 48 trains)
233,233,MCA,MECHEDA,136,136,1.22,Tier 2: Major Hub (Top 5%),Top Decile (>= 48 trains)
234,234,GD,GONDA JN.,135,135,1.21,Tier 2: Major Hub (Top 5%),Top Decile (>= 48 trains)
235,235,JRC,JALANDHAR CA,135,135,1.21,Tier 2: Major Hub (Top 5%),Top Decile (>= 48 trains)
236,236,SWM,SAWAI MADHOP,135,135,1.21,Tier 2: Major Hub (Top 5%),Top Decile (>= 48 trains)
237,237,AK,AKOLA JN.,134,134,1.21,Tier 2: Major Hub (Top 5%),Top Decile (>= 48 trains)
238,238,ULB,ULUBARIA,134,134,1.21,Tier 2: Major Hub (Top 5%),Top Decile (>= 48 trains)
239,239,CDH,CHAKDAHA,133,133,1.2,Tier 2: Major Hub (Top 5%),Top Decile (>= 48 trains)
240,240,HJP,HAJIPUR JN.,133,133,1.2,Tier 2: Major Hub (Top 5%),Top Decile (>= 48 trains)
241,241,VM,VILLUPURAM J,133,133,1.2,Tier 2: Major Hub (Top 5%),Top Decile (>= 48 trains)
242,242,RPH,RAMPUR HAT,131,131,1.18,Tier 2: Major Hub (Top 5%),Top Decile (>= 48 trains)
243,243,BHC,BHADRAKH,130,130,1.17,Tier 2: Major Hub (Top 5%),Top Decile (>= 48 trains)
244,244,KNE,KISHANGANJ,129,129,1.16,Tier 2: Major Hub (Top 5%),Top Decile (>= 48 trains)
245,245,PKU,PANSKURA,129,129,1.16,Tier 2: Major Hub (Top 5%),Top Decile (>= 48 trains)
246,246,RE,REWARI JN.,129,129,1.16,Tier 2: Major Hub (Top 5%),Top Decile (>= 48 trains)
247,247,AII,AJMER JN.,127,127,1.14,Tier 2: Major Hub (Top 5%),Top Decile (>= 48 trains)
248,248,ASR,AMRITSAR JN.,127,127,1.14,Tier 2: Major Hub (Top 5%),Top Decile (>= 48 trains)
249,249,BSR,VASAI ROAD,126,126,1.13,Tier 2: Major Hub (Top 5%),Top Decile (>= 48 trains)
250,250,MLDT,MALDA TOWN,126,126,1.13,Tier 2: Major Hub (Top 5%),Top Decile (>= 48 trains)
251,251,NAD,NAGDA JN,126,126,1.13,Tier 2: Major Hub (Top 5%),Top Decile (>= 48 trains)
252,252,KZJ,KAZIPET JN.,125,125,1.12,Tier 2: Major Hub (Top 5%),Top Decile (>= 48 trains)
253,253,HFZ,HAFIZPETA,124,124,1.12,Tier 2: Major Hub (Top 5%),Top Decile (>= 48 trains)
254,254,JSG,JHARSUGUDA J,124,124,1.12,Tier 2: Major Hub (Top 5%),Top Decile (>= 48 trains)
255,255,UJN,UJJAIN JN,124,124,1.12,Tier 2: Major Hub (Top 5%),Top Decile (>= 48 trains)
256,256,BD,BADNERA JN.,122,122,1.1,Tier 2: Major Hub (Top 5%),Top Decile (>= 48 trains)
257,257,BZN,BAGNAN,122,122,1.1,Tier 2: Major Hub (Top 5%),Top Decile (>= 48 trains)
258,258,MDP,MADHUPUR JN.,122,122,1.1,Tier 2: Major Hub (Top 5%),Top Decile (>= 48 trains)
259,259,ERN,ERNAKULAM TO,121,121,1.09,Tier 2: Major Hub (Top 5%),Top Decile (>= 48 trains)
260,260,GTL,GUNTAKAL JN.,121,121,1.09,Tier 2: Major Hub (Top 5%),Top Decile (>= 48 trains)
261,261,NBQ,NEW BONGAIGA,121,121,1.09,Tier 2: Major Hub (Top 5%),Top Decile (>= 48 trains)
262,262,SBB,SAHIBABAD,121,121,1.09,Tier 2: Major Hub (Top 5%),Top Decile (>= 48 trains)
263,263,SMX,SIMURALI,121,121,1.09,Tier 2: Major Hub (Top 5%),Top Decile (>= 48 trains)
264,264,RPM,ROYAPURAM,120,120,1.08,Tier 2: Major Hub (Top 5%),Top Decile (>= 48 trains)
265,265,WST,WASHERMANPET,120,120,1.08,Tier 2: Major Hub (Top 5%),Top Decile (>= 48 trains)
266,266,GHY,GUWAHATI,119,119,1.07,Tier 2: Major Hub (Top 5%),Top Decile (>= 48 trains)
267,267,FM,FALAKNUMA,118,118,1.06,Tier 2: Major Hub (Top 5%),Top Decile (>= 48 trains)
268,268,HYB,HYDERABAD DE,118,118,1.06,Tier 2: Major Hub (Top 5%),Top Decile (>= 48 trains)
269,269,MKA,MOKAMA JN.,118,118,1.06,Tier 2: Major Hub (Top 5%),Top Decile (>= 48 trains)
270,270,MSH,MAHESANA JN,118,118,1.06,Tier 2: Major Hub (Top 5%),Top Decile (>= 48 trains)
271,271,PNP,PANIPAT JN.,118,118,1.06,Tier 2: Major Hub (Top 5%),Top Decile (>= 48 trains)
272,272,TDL,TUNDLA JN,118,118,1.06,Tier 2: Major Hub (Top 5%),Top Decile (>= 48 trains)
273,273,BWT,BANGARPET JN,117,117,1.05,Tier 2: Major Hub (Top 5%),Top Decile (>= 48 trains)
274,274,KJM,KRISHNA RAJA,117,117,1.05,Tier 2: Major Hub (Top 5%),Top Decile (>= 48 trains)
275,275,PTLR,PUTTLUR,117,117,1.05,Tier 2: Major Hub (Top 5%),Top Decile (>= 48 trains)
276,276,SVR,SEVVAPET ROA,117,117,1.05,Tier 2: Major Hub (Top 5%),Top Decile (>= 48 trains)
277,277,VEU,VEPPAMPATTU,117,117,1.05,Tier 2: Major Hub (Top 5%),Top Decile (>= 48 trains)
278,278,KTYM,KOTTAYAM,116,116,1.04,Tier 2: Major Hub (Top 5%),Top Decile (>= 48 trains)
279,279,ADL,ANDUL,115,115,1.03,Tier 2: Major Hub (Top 5%),Top Decile (>= 48 trains)
280,280,DNR,DANAPUR,115,115,1.03,Tier 2: Major Hub (Top 5%),Top Decile (>= 48 trains)
281,281,MPJ,MADANPUR,115,115,1.03,Tier 2: Major Hub (Top 5%),Top Decile (>= 48 trains)
282,282,PDX,PAYRA DANGA,115,115,1.03,Tier 2: Major Hub (Top 5%),Top Decile (>= 48 trains)
283,283,SUR,SOLAPUR,115,115,1.03,Tier 2: Major Hub (Top 5%),Top Decile (>= 48 trains)
284,284,VG,VIRAMGAM JN,115,115,1.03,Tier 2: Major Hub (Top 5%),Top Decile (>= 48 trains)
285,285,BKP,BAKHTIYARPUR,114,114,1.03,Tier 2: Major Hub (Top 5%),Top Decile (>= 48 trains)
286,286,BVA,BAURIA JN,114,114,1.03,Tier 2: Major Hub (Top 5%),Top Decile (>= 48 trains)
287,287,CLT,CALICUT,114,114,1.03,Tier 2: Major Hub (Top 5%),Top Decile (>= 48 trains)
288,288,JAJ,JHAJHA,114,114,1.03,Tier 2: Major Hub (Top 5%),Top Decile (>= 48 trains)
289,289,MAO,MADGOAN JN.,114,114,1.03,Tier 2: Major Hub (Top 5%),Top Decile (>= 48 trains)
290,290,ROU,ROURKELA,114,114,1.03,Tier 2: Major Hub (Top 5%),Top Decile (>= 48 trains)
291,291,ARA,ARA,113,113,1.02,Tier 2: Major Hub (Top 5%),Top Decile (>= 48 trains)
292,292,DKAE,DANKUNI JN.,113,113,1.02,Tier 2: Major Hub (Top 5%),Top Decile (>= 48 trains)
293,293,ULNR,ULHASNAGAR,113,113,1.02,Tier 2: Major Hub (Top 5%),Top Decile (>= 48 trains)
294,294,BMG,BAMANGACHHI,112,112,1.01,Tier 2: Major Hub (Top 5%),Top Decile (>= 48 trains)
295,295,DTK,DATTAPUKUR,112,112,1.01,Tier 2: Major Hub (Top 5%),Top Decile (>= 48 trains)
296,296,FDB,FARIDABAD,112,112,1.01,Tier 2: Major Hub (Top 5%),Top Decile (>= 48 trains)
297,297,DHN,DHANBAD JN.,111,111,1.0,Tier 2: Major Hub (Top 5%),Top Decile (>= 48 trains)
298,298,JAT,JAMMU TAWI,110,110,0.99,Tier 2: Major Hub (Top 5%),Top Decile (>= 48 trains)
299,299,ON,UNNAO JN.,110,110,0.99,Tier 2: Major Hub (Top 5%),Top Decile (>= 48 trains)
300,300,CAN,KANNUR,109,109,0.98,Tier 2: Major Hub (Top 5%),Top Decile (>= 48 trains)
301,301,FLR,FULESWAR,109,109,0.98,Tier 2: Major Hub (Top 5%),Top Decile (>= 48 trains)
302,302,PXR,PALPARA,109,109,0.98,Tier 2: Major Hub (Top 5%),Top Decile (>= 48 trains)
303,303,SPN,SHAHJAHANPUR,109,109,0.98,Tier 2: Major Hub (Top 5%),Top Decile (>= 48 trains)
304,304,STPD,SITAFALMANDI,109,109,0.98,Tier 2: Major Hub (Top 5%),Top Decile (>= 48 trains)
305,305,UBL,HUBLI JN.,109,109,0.98,Tier 2: Major Hub (Top 5%),Top Decile (>= 48 trains)
306,306,VLDI,VITHALWADI,109,109,0.98,Tier 2: Major Hub (Top 5%),Top Decile (>= 48 trains)
307,307,BEAS,BEAS JN,108,108,0.97,Tier 2: Major Hub (Top 5%),Top Decile (>= 48 trains)
308,308,BRBD,BORABANDA,108,108,0.97,Tier 2: Major Hub (Top 5%),Top Decile (>= 48 trains)
309,309,BTNR,BHARATNAGAR,108,108,0.97,Tier 2: Major Hub (Top 5%),Top Decile (>= 48 trains)
310,310,CDNR,CHANDANAGAR,108,108,0.97,Tier 2: Major Hub (Top 5%),Top Decile (>= 48 trains)
311,311,CNGR,CHENGANNUR,108,108,0.97,Tier 2: Major Hub (Top 5%),Top Decile (>= 48 trains)
312,312,FNB,FATEHNAGAR,108,108,0.97,Tier 2: Major Hub (Top 5%),Top Decile (>= 48 trains)
313,313,GNT,GUNTUR JN.,108,108,0.97,Tier 2: Major Hub (Top 5%),Top Decile (>= 48 trains)
314,314,HTCY,HITECH CITY,108,108,0.97,Tier 2: Major Hub (Top 5%),Top Decile (>= 48 trains)
315,315,NCHS,NATURE CURE,108,108,0.97,Tier 2: Major Hub (Top 5%),Top Decile (>= 48 trains)
316,316,PNU,PALANPUR JN,108,108,0.97,Tier 2: Major Hub (Top 5%),Top Decile (>= 48 trains)
317,317,PSA,PALASA,108,108,0.97,Tier 2: Major Hub (Top 5%),Top Decile (>= 48 trains)
318,318,BBK,BARA BANKI J,107,107,0.96,Tier 2: Major Hub (Top 5%),Top Decile (>= 48 trains)
319,319,KYQ,KAMAKHYA JN,107,107,0.96,Tier 2: Major Hub (Top 5%),Top Decile (>= 48 trains)
320,320,IGP,IGATPURI,106,106,0.95,Tier 2: Major Hub (Top 5%),Top Decile (>= 48 trains)
321,321,JU,JODHPUR JN.,105,105,0.94,Tier 2: Major Hub (Top 5%),Top Decile (>= 48 trains)
322,322,SEE,SONPUR JN.,105,105,0.94,Tier 2: Major Hub (Top 5%),Top Decile (>= 48 trains)
323,323,TKJ,TILAK BRIDGE,105,107,0.94,Tier 2: Major Hub (Top 5%),Top Decile (>= 48 trains)
324,324,ENR,ENNORE,104,104,0.94,Tier 2: Major Hub (Top 5%),Top Decile (>= 48 trains)
325,325,KOK,KORUKKUPET,104,104,0.94,Tier 2: Major Hub (Top 5%),Top Decile (>= 48 trains)
326,326,TNP,TONDIARPET,104,104,0.94,Tier 2: Major Hub (Top 5%),Top Decile (>= 48 trains)
327,327,TRVL,TIRUVALLA,104,104,0.94,Tier 2: Major Hub (Top 5%),Top Decile (>= 48 trains)
328,328,TVT,TIRUVOTTIYUR,104,104,0.94,Tier 2: Major Hub (Top 5%),Top Decile (>= 48 trains)
329,329,BST,BASTI,103,103,0.93,Tier 2: Major Hub (Top 5%),Top Decile (>= 48 trains)
330,330,CGA,CHENGEL,103,103,0.93,Tier 2: Major Hub (Top 5%),Top Decile (>= 48 trains)
331,331,CSB,SHIVAJI BRID,103,105,0.93,Tier 2: Major Hub (Top 5%),Top Decile (>= 48 trains)
332,332,MXT,MALAKPET,103,103,0.93,Tier 2: Major Hub (Top 5%),Top Decile (>= 48 trains)
333,333,NALR,NALPUR,103,103,0.93,Tier 2: Major Hub (Top 5%),Top Decile (>= 48 trains)
334,334,SEL,SANKRAIL,103,103,0.93,Tier 2: Major Hub (Top 5%),Top Decile (>= 48 trains)
335,335,AIP,ATTIPATTU,102,102,0.92,Tier 2: Major Hub (Top 5%),Top Decile (>= 48 trains)
336,336,DSA,DELHI-SHAHDA,102,102,0.92,Tier 2: Major Hub (Top 5%),Top Decile (>= 48 trains)
337,337,JJKR,JAJPUR KEONJ,102,102,0.92,Tier 2: Major Hub (Top 5%),Top Decile (>= 48 trains)
338,338,MDU,MADURAI JN,102,102,0.92,Tier 2: Major Hub (Top 5%),Top Decile (>= 48 trains)
339,339,MJR,MINJUR,102,102,0.92,Tier 2: Major Hub (Top 5%),Top Decile (>= 48 trains)
340,340,PON,PONNERI,102,102,0.92,Tier 2: Major Hub (Top 5%),Top Decile (>= 48 trains)
341,341,TVC,TRIVANDRUM C,102,102,0.92,Tier 2: Major Hub (Top 5%),Top Decile (>= 48 trains)
342,342,AIPP,ATTIPATTU PU,101,101,0.91,Tier 2: Major Hub (Top 5%),Top Decile (>= 48 trains)
343,343,BXR,BUXAR,101,101,0.91,Tier 2: Major Hub (Top 5%),Top Decile (>= 48 trains)
344,344,DQR,DABIR PURA,101,101,0.91,Tier 2: Major Hub (Top 5%),Top Decile (>= 48 trains)
345,345,DVD,DUVVADA,101,101,0.91,Tier 2: Major Hub (Top 5%),Top Decile (>= 48 trains)
346,346,HPG,HUPPUGUDA,101,101,0.91,Tier 2: Major Hub (Top 5%),Top Decile (>= 48 trains)
347,347,KIG,KOLAGHAT,101,101,0.91,Tier 2: Major Hub (Top 5%),Top Decile (>= 48 trains)
348,348,ROK,ROHTAK JN.,101,102,0.91,Tier 2: Major Hub (Top 5%),Top Decile (>= 48 trains)
349,349,YKA,YAKUT PURA,101,101,0.91,Tier 2: Major Hub (Top 5%),Top Decile (>= 48 trains)
350,350,ABR,ABU ROAD,100,100,0.9,Tier 2: Major Hub (Top 5%),Top Decile (>= 48 trains)
351,351,DTE,DEULTI,100,100,0.9,Tier 2: Major Hub (Top 5%),Top Decile (>= 48 trains)
352,352,HBJ,HABIBGANJ,100,100,0.9,Tier 2: Major Hub (Top 5%),Top Decile (>= 48 trains)
353,353,MJT,MAJERHAT,100,100,0.9,Tier 2: Major Hub (Top 5%),Top Decile (>= 48 trains)
354,354,PAU,PURNA  JN.,100,100,0.9,Tier 2: Major Hub (Top 5%),Top Decile (>= 48 trains)
355,355,ALJN,ALIGARH JN.,99,99,0.89,Tier 2: Major Hub (Top 5%),Top Decile (>= 48 trains)
356,356,ATC,ARTS COLLAGE,99,99,0.89,Tier 2: Major Hub (Top 5%),Top Decile (>= 48 trains)
357,357,BEPR,BELAPUR C.B.,99,99,0.89,Tier 2: Major Hub (Top 5%),Top Decile (>= 48 trains)
358,358,BNC,BANGALORE CA,99,99,0.89,Tier 2: Major Hub (Top 5%),Top Decile (>= 48 trains)
359,359,FL,PHULERA JN.,99,99,0.89,Tier 2: Major Hub (Top 5%),Top Decile (>= 48 trains)
360,360,JMP,JAMALPUR JN.,99,99,0.89,Tier 2: Major Hub (Top 5%),Top Decile (>= 48 trains)
361,361,JOO,JAMAI-OSMANI,99,99,0.89,Tier 2: Major Hub (Top 5%),Top Decile (>= 48 trains)
362,362,KGG,KHAGARIA JN.,99,99,0.89,Tier 2: Major Hub (Top 5%),Top Decile (>= 48 trains)
363,363,KOAA,KOLKATA,99,99,0.89,Tier 2: Major Hub (Top 5%),Top Decile (>= 48 trains)
364,364,NED,NANDED,99,99,0.89,Tier 2: Major Hub (Top 5%),Top Decile (>= 48 trains)
365,365,SV,SIWAN JN.,99,99,0.89,Tier 2: Major Hub (Top 5%),Top Decile (>= 48 trains)
366,366,VAR,VIDYA NAGAR,99,99,0.89,Tier 2: Major Hub (Top 5%),Top Decile (>= 48 trains)
367,367,BDTS,BANDRA TERMI,98,98,0.88,Tier 2: Major Hub (Top 5%),Top Decile (>= 48 trains)
368,368,BSBP,BIRSHIBPUR,98,98,0.88,Tier 2: Major Hub (Top 5%),Top Decile (>= 48 trains)
369,369,GMO,NSC BOSE J G,98,98,0.88,Tier 2: Major Hub (Top 5%),Top Decile (>= 48 trains)
370,370,GPD,GUMMIDIPUNDI,98,98,0.88,Tier 2: Major Hub (Top 5%),Top Decile (>= 48 trains)
371,371,KGY,KULGACHIA,98,98,0.88,Tier 2: Major Hub (Top 5%),Top Decile (>= 48 trains)
372,372,KLNP,KALINARAYANP,98,98,0.88,Tier 2: Major Hub (Top 5%),Top Decile (>= 48 trains)
373,373,KMT,KHAMMAM,98,98,0.88,Tier 2: Major Hub (Top 5%),Top Decile (>= 48 trains)
374,374,PURI,PURI,98,98,0.88,Tier 2: Major Hub (Top 5%),Top Decile (>= 48 trains)
375,375,RMJ,RAMRAJATALA,98,98,0.88,Tier 2: Major Hub (Top 5%),Top Decile (>= 48 trains)
376,376,SKZR,SIRPURKAGHAZ,98,98,0.88,Tier 2: Major Hub (Top 5%),Top Decile (>= 48 trains)
377,377,GRP,GANGPUR,97,97,0.87,Tier 2: Major Hub (Top 5%),Top Decile (>= 48 trains)
378,378,NCB,NEW COOCH BE,97,97,0.87,Tier 2: Major Hub (Top 5%),Top Decile (>= 48 trains)
379,379,SKG,SAKTI GARH J,97,97,0.87,Tier 2: Major Hub (Top 5%),Top Decile (>= 48 trains)
380,380,ADRA,ADRA,96,96,0.86,Tier 2: Major Hub (Top 5%),Top Decile (>= 48 trains)
381,381,BNJ,BANGAON JN.,96,96,0.86,Tier 2: Major Hub (Top 5%),Top Decile (>= 48 trains)
382,382,MTD,MERTA ROAD J,96,96,0.86,Tier 2: Major Hub (Top 5%),Top Decile (>= 48 trains)
383,383,RJT,RAJKOT,96,96,0.86,Tier 2: Major Hub (Top 5%),Top Decile (>= 48 trains)
384,384,SUNR,SURENDRANAGA,96,96,0.86,Tier 2: Major Hub (Top 5%),Top Decile (>= 48 trains)
385,385,TPKR,TIKIAPARA,96,96,0.86,Tier 2: Major Hub (Top 5%),Top Decile (>= 48 trains)
386,386,BTE,BHARATPUR JN,95,95,0.85,Tier 2: Major Hub (Top 5%),Top Decile (>= 48 trains)
387,387,DSNR,DASHNAGAR,95,95,0.85,Tier 2: Major Hub (Top 5%),Top Decile (>= 48 trains)
388,388,RN,RATNAGIRI,95,95,0.85,Tier 2: Major Hub (Top 5%),Top Decile (>= 48 trains)
389,389,CLX,CHIRALA,94,94,0.85,Tier 2: Major Hub (Top 5%),Top Decile (>= 48 trains)
390,390,DRD,DAHANU ROAD,94,94,0.85,Tier 2: Major Hub (Top 5%),Top Decile (>= 48 trains)
391,391,INDB,INDORE BG,94,94,0.85,Tier 2: Major Hub (Top 5%),Top Decile (>= 48 trains)
392,392,KVP,KAVARAIPPETT,94,94,0.85,Tier 2: Major Hub (Top 5%),Top Decile (>= 48 trains)
393,393,MJ,MARWAR JN.,94,94,0.85,Tier 2: Major Hub (Top 5%),Top Decile (>= 48 trains)
394,394,RJPB,RAJENDRANAGA,94,94,0.85,Tier 2: Major Hub (Top 5%),Top Decile (>= 48 trains)
395,395,RNY,RANGIYA JN.,94,94,0.85,Tier 2: Major Hub (Top 5%),Top Decile (>= 48 trains)
396,396,ANVT,ANAND VIHAR,93,93,0.84,Tier 2: Major Hub (Top 5%),Top Decile (>= 48 trains)
397,397,CHE,SRIKAKULAM R,93,93,0.84,Tier 2: Major Hub (Top 5%),Top Decile (>= 48 trains)
398,398,GGTA,GHORAGHATA,93,93,0.84,Tier 2: Major Hub (Top 5%),Top Decile (>= 48 trains)
399,399,KBT,KADAMBATTUR,93,93,0.84,Tier 2: Major Hub (Top 5%),Top Decile (>= 48 trains)
400,400,PTKC,PATHANKOT CA,93,93,0.84,Tier 2: Major Hub (Top 5%),Top Decile (>= 48 trains)
401,401,BOE,BARSOI JN.,92,92,0.83,Tier 2: Major Hub (Top 5%),Top Decile (>= 48 trains)
402,402,DBG,DARBHANGA JN,92,92,0.83,Tier 2: Major Hub (Top 5%),Top Decile (>= 48 trains)
403,403,DMM,DHARMAVARAM,92,92,0.83,Tier 2: Major Hub (Top 5%),Top Decile (>= 48 trains)
404,404,WR,WARDHA JN.,92,92,0.83,Tier 2: Major Hub (Top 5%),Top Decile (>= 48 trains)
405,405,ASK,ARSIKERE JN.,91,91,0.82,Tier 2: Major Hub (Top 5%),Top Decile (>= 48 trains)
406,406,ASKR,ASHOKNAGAR R,91,91,0.82,Tier 2: Major Hub (Top 5%),Top Decile (>= 48 trains)
407,407,BIRA,BIRA,91,91,0.82,Tier 2: Major Hub (Top 5%),Top Decile (>= 48 trains)
408,408,DEC,DELHI CANTT,91,91,0.82,Tier 2: Major Hub (Top 5%),Top Decile (>= 48 trains)
409,409,GUMA,GUMA,91,91,0.82,Tier 2: Major Hub (Top 5%),Top Decile (>= 48 trains)
410,410,HB,HABRA,91,91,0.82,Tier 2: Major Hub (Top 5%),Top Decile (>= 48 trains)
411,411,MDN,MIDNAPORE,91,91,0.82,Tier 2: Major Hub (Top 5%),Top Decile (>= 48 trains)
412,412,ABB,ABADA,90,90,0.81,Tier 3: Regional Hub (Top 10%),Top Decile (>= 48 trains)
413,413,AKV,ANKLESHWAR J,90,90,0.81,Tier 3: Regional Hub (Top 10%),Top Decile (>= 48 trains)
414,414,CRJ,CHITTARANJAN,90,90,0.81,Tier 3: Regional Hub (Top 10%),Top Decile (>= 48 trains)
415,415,DG,DINDIGUL JN,90,90,0.81,Tier 3: Regional Hub (Top 10%),Top Decile (>= 48 trains)
416,416,KWAE,KATWA JN.,90,90,0.81,Tier 3: Regional Hub (Top 10%),Top Decile (>= 48 trains)
417,417,LJN,LUCKNOW JN.,90,90,0.81,Tier 3: Regional Hub (Top 10%),Top Decile (>= 48 trains)
418,418,BHP,BOLPUR,89,89,0.8,Tier 3: Regional Hub (Top 10%),Top Decile (>= 48 trains)
419,419,GGN,GURGAON,89,89,0.8,Tier 3: Regional Hub (Top 10%),Top Decile (>= 48 trains)
420,420,GY,GOOTY JN.,89,89,0.8,Tier 3: Regional Hub (Top 10%),Top Decile (>= 48 trains)
421,421,PGW,PHAGWARA JN.,89,89,0.8,Tier 3: Regional Hub (Top 10%),Top Decile (>= 48 trains)
422,422,BZU,BETUL,88,88,0.79,Tier 3: Regional Hub (Top 10%),Top Decile (>= 48 trains)
423,423,DHD,DAHOD,88,88,0.79,Tier 3: Regional Hub (Top 10%),Top Decile (>= 48 trains)
424,424,BOP,BHOGPUR,87,87,0.78,Tier 3: Regional Hub (Top 10%),Top Decile (>= 48 trains)
425,425,DEOS,DEORIA SADAR,87,87,0.78,Tier 3: Regional Hub (Top 10%),Top Decile (>= 48 trains)
426,426,MURI,MURI,87,87,0.78,Tier 3: Regional Hub (Top 10%),Top Decile (>= 48 trains)
427,427,RNC,RANCHI,87,87,0.78,Tier 3: Regional Hub (Top 10%),Top Decile (>= 48 trains)
428,428,MRJ,MIRAJ JN.,86,86,0.77,Tier 3: Regional Hub (Top 10%),Top Decile (>= 48 trains)
429,429,FUT,FATUHA,85,85,0.76,Tier 3: Regional Hub (Top 10%),Top Decile (>= 48 trains)
430,430,NACC,NEW ALIPUR (,85,85,0.76,Tier 3: Regional Hub (Top 10%),Top Decile (>= 48 trains)
431,431,NFK,NEW FARAKKA,85,85,0.76,Tier 3: Regional Hub (Top 10%),Top Decile (>= 48 trains)
432,432,NVS,NAVSARI,85,85,0.76,Tier 3: Regional Hub (Top 10%),Top Decile (>= 48 trains)
433,433,RK,ROORKEE,85,85,0.76,Tier 3: Regional Hub (Top 10%),Top Decile (>= 48 trains)
434,434,TO,TIRUVALANGAD,85,85,0.76,Tier 3: Regional Hub (Top 10%),Top Decile (>= 48 trains)
435,435,ATP,ANANTAPUR,84,84,0.76,Tier 3: Regional Hub (Top 10%),Top Decile (>= 48 trains)
436,436,BYT,BHATAPARA,84,84,0.76,Tier 3: Regional Hub (Top 10%),Top Decile (>= 48 trains)
437,437,GR,GULBARGA,84,84,0.76,Tier 3: Regional Hub (Top 10%),Top Decile (>= 48 trains)
438,438,KKDE,KURUKSHETRA,84,84,0.76,Tier 3: Regional Hub (Top 10%),Top Decile (>= 48 trains)
439,439,SSB,SHAKUR BASTI,84,84,0.76,Tier 3: Regional Hub (Top 10%),Top Decile (>= 48 trains)
440,440,TDD,TADEPALLI GU,84,84,0.76,Tier 3: Regional Hub (Top 10%),Top Decile (>= 48 trains)
441,441,HW,HARIDWAR JN,83,83,0.75,Tier 3: Regional Hub (Top 10%),Top Decile (>= 48 trains)
442,442,KGQ,KASARAGOD,83,83,0.75,Tier 3: Regional Hub (Top 10%),Top Decile (>= 48 trains)
443,443,KQR,KODERMA,83,83,0.75,Tier 3: Regional Hub (Top 10%),Top Decile (>= 48 trains)
444,444,LKF,LAKE GARDENS,83,83,0.75,Tier 3: Regional Hub (Top 10%),Top Decile (>= 48 trains)
445,445,PPI,PIPARIYA,83,83,0.75,Tier 3: Regional Hub (Top 10%),Top Decile (>= 48 trains)
446,446,RPJ,RAJPURA JN.,83,83,0.75,Tier 3: Regional Hub (Top 10%),Top Decile (>= 48 trains)
447,447,TLG,TOLLY GANJ,83,83,0.75,Tier 3: Regional Hub (Top 10%),Top Decile (>= 48 trains)
448,448,BTI,BATHINDA JN,82,82,0.74,Tier 3: Regional Hub (Top 10%),Top Decile (>= 48 trains)
449,449,CD,CHANDRAPUR (,82,82,0.74,Tier 3: Regional Hub (Top 10%),Top Decile (>= 48 trains)
450,450,DOS,DEHRI-ON-SON,82,82,0.74,Tier 3: Regional Hub (Top 10%),Top Decile (>= 48 trains)
451,451,FD,FAIZABAD JN.,82,82,0.74,Tier 3: Regional Hub (Top 10%),Top Decile (>= 48 trains)
452,452,MJF,MALKAJGIRI,82,82,0.74,Tier 3: Regional Hub (Top 10%),Top Decile (>= 48 trains)
453,453,PBN,PARBHANI JN.,82,82,0.74,Tier 3: Regional Hub (Top 10%),Top Decile (>= 48 trains)
454,454,RDM,RAMGUNDAM,82,82,0.74,Tier 3: Regional Hub (Top 10%),Top Decile (>= 48 trains)
455,455,SSM,SASARAM,82,82,0.74,Tier 3: Regional Hub (Top 10%),Top Decile (>= 48 trains)
456,456,DEE,DELHI-SARAI,81,81,0.73,Tier 3: Regional Hub (Top 10%),Top Decile (>= 48 trains)
457,457,LKPR,LAKSHMIKANTA,81,81,0.73,Tier 3: Regional Hub (Top 10%),Top Decile (>= 48 trains)
458,458,RBL,RAE BARELI J,81,81,0.73,Tier 3: Regional Hub (Top 10%),Top Decile (>= 48 trains)
459,459,AZ,AZIMGANJ JN.,80,80,0.72,Tier 3: Regional Hub (Top 10%),Top Decile (>= 48 trains)
460,460,TIR,TIRUR,80,80,0.72,Tier 3: Regional Hub (Top 10%),Top Decile (>= 48 trains)
461,461,TK,TUMKUR,80,80,0.72,Tier 3: Regional Hub (Top 10%),Top Decile (>= 48 trains)
462,462,FA,FALNA,79,79,0.71,Tier 3: Regional Hub (Top 10%),Top Decile (>= 48 trains)
463,463,KAVM,KATHIVAKKAM,79,79,0.71,Tier 3: Regional Hub (Top 10%),Top Decile (>= 48 trains)
464,464,KPG,KOPARGAON,79,79,0.71,Tier 3: Regional Hub (Top 10%),Top Decile (>= 48 trains)
465,465,TEN,TIRUNELVELI,79,79,0.71,Tier 3: Regional Hub (Top 10%),Top Decile (>= 48 trains)
466,466,UDL,ANDAL JN.,79,79,0.71,Tier 3: Regional Hub (Top 10%),Top Decile (>= 48 trains)
467,467,WCN,WIMCO NAGAR,79,79,0.71,Tier 3: Regional Hub (Top 10%),Top Decile (>= 48 trains)
468,468,ABY,AMBIVLI,78,78,0.7,Tier 3: Regional Hub (Top 10%),Top Decile (>= 48 trains)
469,469,APB,ANUPPAMBATTU,78,78,0.7,Tier 3: Regional Hub (Top 10%),Top Decile (>= 48 trains)
470,470,ASO,ASANGAON,78,78,0.7,Tier 3: Regional Hub (Top 10%),Top Decile (>= 48 trains)
471,471,BGP,BHAGALPUR,78,78,0.7,Tier 3: Regional Hub (Top 10%),Top Decile (>= 48 trains)
472,472,BQA,BANKURA,78,78,0.7,Tier 3: Regional Hub (Top 10%),Top Decile (>= 48 trains)
473,473,CKP,CHAKARADHARP,78,78,0.7,Tier 3: Regional Hub (Top 10%),Top Decile (>= 48 trains)
474,474,KDV,KHADAVALI,78,78,0.7,Tier 3: Regional Hub (Top 10%),Top Decile (>= 48 trains)
475,475,KNJ,KRISHNA NAGA,78,78,0.7,Tier 3: Regional Hub (Top 10%),Top Decile (>= 48 trains)
476,476,LKR,LUCKEESARAI,78,78,0.7,Tier 3: Regional Hub (Top 10%),Top Decile (>= 48 trains)
477,477,MAJN,MANGALORE JN,78,78,0.7,Tier 3: Regional Hub (Top 10%),Top Decile (>= 48 trains)
478,478,PRR,PURULIA JN.,78,78,0.7,Tier 3: Regional Hub (Top 10%),Top Decile (>= 48 trains)
479,479,SHAD,SHAHAD,78,78,0.7,Tier 3: Regional Hub (Top 10%),Top Decile (>= 48 trains)
480,480,VSD,VASIND,78,78,0.7,Tier 3: Regional Hub (Top 10%),Top Decile (>= 48 trains)
481,481,GDA,GODHRA JN.,77,77,0.69,Tier 3: Regional Hub (Top 10%),Top Decile (>= 48 trains)
482,482,LRJ,LAKSAR JN.,77,77,0.69,Tier 3: Regional Hub (Top 10%),Top Decile (>= 48 trains)
483,483,MZP,MIRZAPUR,77,77,0.69,Tier 3: Regional Hub (Top 10%),Top Decile (>= 48 trains)
484,484,WADI,WADI JN.,77,77,0.69,Tier 3: Regional Hub (Top 10%),Top Decile (>= 48 trains)
485,485,ARJ,AUNRIHAR JN.,76,76,0.68,Tier 3: Regional Hub (Top 10%),Top Decile (>= 48 trains)
486,486,BUI,BALLIA,76,76,0.68,Tier 3: Regional Hub (Top 10%),Top Decile (>= 48 trains)
487,487,MYS,MYSORE JN.,76,76,0.68,Tier 3: Regional Hub (Top 10%),Top Decile (>= 48 trains)
488,488,NPKM,NANDIYAMBAKK,76,76,0.68,Tier 3: Regional Hub (Top 10%),Top Decile (>= 48 trains)
489,489,NRL,NERAL,76,76,0.68,Tier 3: Regional Hub (Top 10%),Top Decile (>= 48 trains)
490,490,RC,RAICHUR,76,76,0.68,Tier 3: Regional Hub (Top 10%),Top Decile (>= 48 trains)
491,491,BALU,BALUGAN,75,75,0.67,Tier 3: Regional Hub (Top 10%),Top Decile (>= 48 trains)
492,492,DKZ,DELHI-KISHAN,75,75,0.67,Tier 3: Regional Hub (Top 10%),Top Decile (>= 48 trains)
493,493,GBG,GOBARDANGA,75,75,0.67,Tier 3: Regional Hub (Top 10%),Top Decile (>= 48 trains)
494,494,MSL,MACHHALANDAP,75,75,0.67,Tier 3: Regional Hub (Top 10%),Top Decile (>= 48 trains)
495,495,MTC,MEERUT CITY,75,75,0.67,Tier 3: Regional Hub (Top 10%),Top Decile (>= 48 trains)
496,496,RNG,RANI GANJ,75,75,0.67,Tier 3: Regional Hub (Top 10%),Top Decile (>= 48 trains)
497,497,TRT,TIRUTTANI,75,75,0.67,Tier 3: Regional Hub (Top 10%),Top Decile (>= 48 trains)
498,498,BTT,BHATNI JN.,74,74,0.67,Tier 3: Regional Hub (Top 10%),Top Decile (>= 48 trains)
499,499,SBP,SAMBALPUR JN,74,74,0.67,Tier 3: Regional Hub (Top 10%),Top Decile (>= 48 trains)
500,500,SGO,SAUGOR,74,74,0.67,Tier 3: Regional Hub (Top 10%),Top Decile (>= 48 trains)
501,501,SNT,SAINTHIA JN.,74,74,0.67,Tier 3: Regional Hub (Top 10%),Top Decile (>= 48 trains)
502,502,SPE,SULLURUPETTA,74,74,0.67,Tier 3: Regional Hub (Top 10%),Top Decile (>= 48 trains)
503,503,YJUD,YAMUNANAGER,74,74,0.67,Tier 3: Regional Hub (Top 10%),Top Decile (>= 48 trains)
504,504,BGS,BEGU SARAI,73,73,0.66,Tier 3: Regional Hub (Top 10%),Top Decile (>= 48 trains)
505,505,BVS,BHIVPURI ROA,73,73,0.66,Tier 3: Regional Hub (Top 10%),Top Decile (>= 48 trains)
506,506,DHNE,DHONE JN,73,73,0.66,Tier 3: Regional Hub (Top 10%),Top Decile (>= 48 trains)
507,507,ETW,ETAWAH,73,73,0.66,Tier 3: Regional Hub (Top 10%),Top Decile (>= 48 trains)
508,508,KQU,KAMARKUNDU J,73,73,0.66,Tier 3: Regional Hub (Top 10%),Top Decile (>= 48 trains)
509,509,MUR,MANKAPUR JN.,73,73,0.66,Tier 3: Regional Hub (Top 10%),Top Decile (>= 48 trains)
510,510,NZB,NIZAMABAD,73,73,0.66,Tier 3: Regional Hub (Top 10%),Top Decile (>= 48 trains)
511,511,PDA,PUNDOOAH,73,73,0.66,Tier 3: Regional Hub (Top 10%),Top Decile (>= 48 trains)
512,512,RRB,BIRUR JN.,73,73,0.66,Tier 3: Regional Hub (Top 10%),Top Decile (>= 48 trains)
513,513,VGI,VANGANI,73,73,0.66,Tier 3: Regional Hub (Top 10%),Top Decile (>= 48 trains)
514,514,AKP,ANAKAPALLE,72,72,0.65,Tier 3: Regional Hub (Top 10%),Top Decile (>= 48 trains)
515,515,APR,ANUPPUR JN.,72,72,0.65,Tier 3: Regional Hub (Top 10%),Top Decile (>= 48 trains)
516,516,BARH,BARH,72,72,0.65,Tier 3: Regional Hub (Top 10%),Top Decile (>= 48 trains)
517,517,CPH,CHAMPA JN.,72,72,0.65,Tier 3: Regional Hub (Top 10%),Top Decile (>= 48 trains)
518,518,HRI,HARDOI,72,72,0.65,Tier 3: Regional Hub (Top 10%),Top Decile (>= 48 trains)
519,519,NDD,NIDADAVOLU J,72,72,0.65,Tier 3: Regional Hub (Top 10%),Top Decile (>= 48 trains)
520,520,NU,NARSINGHPUR,72,72,0.65,Tier 3: Regional Hub (Top 10%),Top Decile (>= 48 trains)
521,521,TAK,TARAKESHWAR,72,72,0.65,Tier 3: Regional Hub (Top 10%),Top Decile (>= 48 trains)
522,522,BHS,VIDISHA,71,71,0.64,Tier 3: Regional Hub (Top 10%),Top Decile (>= 48 trains)
523,523,HPU,HAPUR JN.,71,71,0.64,Tier 3: Regional Hub (Top 10%),Top Decile (>= 48 trains)
524,524,JOX,JANAI ROAD,71,71,0.64,Tier 3: Regional Hub (Top 10%),Top Decile (>= 48 trains)
525,525,MBNR,MAHBUBNAGAR,71,71,0.64,Tier 3: Regional Hub (Top 10%),Top Decile (>= 48 trains)
526,526,MKP,MANIKPUR JN.,71,71,0.64,Tier 3: Regional Hub (Top 10%),Top Decile (>= 48 trains)
527,527,MVLK,MAVELIKARA,71,71,0.64,Tier 3: Regional Hub (Top 10%),Top Decile (>= 48 trains)
528,528,NOQ,NEW ALIPURDU,71,71,0.64,Tier 3: Regional Hub (Top 10%),Top Decile (>= 48 trains)
529,529,PBH,PARTAPGARH J,71,71,0.64,Tier 3: Regional Hub (Top 10%),Top Decile (>= 48 trains)
530,530,RJN,RAJNANDGAON,71,71,0.64,Tier 3: Regional Hub (Top 10%),Top Decile (>= 48 trains)
531,531,BPAE,BEGAMPUR,70,70,0.63,Tier 3: Regional Hub (Top 10%),Top Decile (>= 48 trains)
532,532,BRPA,BARUI PARA,70,70,0.63,Tier 3: Regional Hub (Top 10%),Top Decile (>= 48 trains)
533,533,GBRA,GOBRA,70,70,0.63,Tier 3: Regional Hub (Top 10%),Top Decile (>= 48 trains)
534,534,JIND,JIND JN,70,70,0.63,Tier 3: Regional Hub (Top 10%),Top Decile (>= 48 trains)
535,535,LAR,LALITPUR,70,70,0.63,Tier 3: Regional Hub (Top 10%),Top Decile (>= 48 trains)
536,536,MUG,MAGRA,70,70,0.63,Tier 3: Regional Hub (Top 10%),Top Decile (>= 48 trains)
537,537,NDB,NANDURBAR,70,70,0.63,Tier 3: Regional Hub (Top 10%),Top Decile (>= 48 trains)
538,538,NPMR,NARAYAN PAKU,70,70,0.63,Tier 3: Regional Hub (Top 10%),Top Decile (>= 48 trains)
539,539,SLN,SULTANPUR JN,70,70,0.63,Tier 3: Regional Hub (Top 10%),Top Decile (>= 48 trains)
540,540,TLY,THALASSERY,70,70,0.63,Tier 3: Regional Hub (Top 10%),Top Decile (>= 48 trains)
541,541,VPT,VIRUDUNAGAR,70,70,0.63,Tier 3: Regional Hub (Top 10%),Top Decile (>= 48 trains)
542,542,WKR,WANKANER,70,70,0.63,Tier 3: Regional Hub (Top 10%),Top Decile (>= 48 trains)
543,543,BVH,BALLABGARH,69,69,0.62,Tier 3: Regional Hub (Top 10%),Top Decile (>= 48 trains)
544,544,DEA,DIARA,69,69,0.62,Tier 3: Regional Hub (Top 10%),Top Decile (>= 48 trains)
545,545,DWX,DEWAS,69,69,0.62,Tier 3: Regional Hub (Top 10%),Top Decile (>= 48 trains)
546,546,GDV,GUDIVADA JN.,69,69,0.62,Tier 3: Regional Hub (Top 10%),Top Decile (>= 48 trains)
547,547,KLD,KHALILABAD,69,69,0.62,Tier 3: Regional Hub (Top 10%),Top Decile (>= 48 trains)
548,548,KOJ,KOKRAJHAR,69,69,0.62,Tier 3: Regional Hub (Top 10%),Top Decile (>= 48 trains)
549,549,KQD,KHAIRATABAD,69,69,0.62,Tier 3: Regional Hub (Top 10%),Top Decile (>= 48 trains)
550,550,NDGJ,NANDAIGAJAN,69,69,0.62,Tier 3: Regional Hub (Top 10%),Top Decile (>= 48 trains)
551,551,NSF,NASIBPUR,69,69,0.62,Tier 3: Regional Hub (Top 10%),Top Decile (>= 48 trains)
552,552,PKR,PAKUR,69,69,0.62,Tier 3: Regional Hub (Top 10%),Top Decile (>= 48 trains)
553,553,SIU,SINGUR,69,69,0.62,Tier 3: Regional Hub (Top 10%),Top Decile (>= 48 trains)
554,554,ALLP,ALLEPPEY,68,68,0.61,Tier 3: Regional Hub (Top 10%),Top Decile (>= 48 trains)
555,555,AWB,AURANGABAD,68,68,0.61,Tier 3: Regional Hub (Top 10%),Top Decile (>= 48 trains)
556,556,BOR,BOISAR,68,68,0.61,Tier 3: Regional Hub (Top 10%),Top Decile (>= 48 trains)
557,557,DMO,DAMOH,68,68,0.61,Tier 3: Regional Hub (Top 10%),Top Decile (>= 48 trains)
558,558,JET,JAMES STREET,68,68,0.61,Tier 3: Regional Hub (Top 10%),Top Decile (>= 48 trains)
559,559,MKU,MALKAPUR,68,68,0.61,Tier 3: Regional Hub (Top 10%),Top Decile (>= 48 trains)
560,560,NDAE,NABADWIP DHA,68,68,0.61,Tier 3: Regional Hub (Top 10%),Top Decile (>= 48 trains)
561,561,SJVP,SANJIVAIAH P,68,68,0.61,Tier 3: Regional Hub (Top 10%),Top Decile (>= 48 trains)
562,562,TIG,TITLA GARH J,68,68,0.61,Tier 3: Regional Hub (Top 10%),Top Decile (>= 48 trains)
563,563,TJ,THANJAVUR JN,68,68,0.61,Tier 3: Regional Hub (Top 10%),Top Decile (>= 48 trains)
564,564,UD,UDUPI,68,68,0.61,Tier 3: Regional Hub (Top 10%),Top Decile (>= 48 trains)
565,565,J,JALNA,67,67,0.6,Tier 3: Regional Hub (Top 10%),Top Decile (>= 48 trains)
566,566,KHN,KHANYAN,67,67,0.6,Tier 3: Regional Hub (Top 10%),Top Decile (>= 48 trains)
567,567,KRNT,KURNOOL TOWN,67,67,0.6,Tier 3: Regional Hub (Top 10%),Top Decile (>= 48 trains)
568,568,KRR,KARUR JN.,67,67,0.6,Tier 3: Regional Hub (Top 10%),Top Decile (>= 48 trains)
569,569,KUN,KARNAL,67,67,0.6,Tier 3: Regional Hub (Top 10%),Top Decile (>= 48 trains)
570,570,MAU,MAU JN.,67,67,0.6,Tier 3: Regional Hub (Top 10%),Top Decile (>= 48 trains)
571,571,MUE,MUDKHED JN.,67,67,0.6,Tier 3: Regional Hub (Top 10%),Top Decile (>= 48 trains)
572,572,MYM,MEMARI,67,67,0.6,Tier 3: Regional Hub (Top 10%),Top Decile (>= 48 trains)
573,573,SEGM,SEWAGRAM,67,67,0.6,Tier 3: Regional Hub (Top 10%),Top Decile (>= 48 trains)
574,574,TKNR,THAKURNAGAR,67,67,0.6,Tier 3: Regional Hub (Top 10%),Top Decile (>= 48 trains)
575,575,BKSC,BOKARO STEEL,66,66,0.59,Tier 3: Regional Hub (Top 10%),Top Decile (>= 48 trains)
576,576,BOI,BAINCHI,66,66,0.59,Tier 3: Regional Hub (Top 10%),Top Decile (>= 48 trains)
577,577,BZL,BELA NAGAR,66,66,0.59,Tier 3: Regional Hub (Top 10%),Top Decile (>= 48 trains)
578,578,CDG,CHANDIGARH,66,66,0.59,Tier 3: Regional Hub (Top 10%),Top Decile (>= 48 trains)
579,579,FZR,FIROZPUR CAN,66,66,0.59,Tier 3: Regional Hub (Top 10%),Top Decile (>= 48 trains)
580,580,HUP,HINDUPUR,66,66,0.59,Tier 3: Regional Hub (Top 10%),Top Decile (>= 48 trains)
581,581,JNU,JAUNPUR JN.,66,66,0.59,Tier 3: Regional Hub (Top 10%),Top Decile (>= 48 trains)
582,582,KWV,KURDUVADI JN,66,66,0.59,Tier 3: Regional Hub (Top 10%),Top Decile (>= 48 trains)
583,583,ORAI,ORAI,66,66,0.59,Tier 3: Regional Hub (Top 10%),Top Decile (>= 48 trains)
584,584,PAR,PANDHURNA,66,66,0.59,Tier 3: Regional Hub (Top 10%),Top Decile (>= 48 trains)
585,585,SIR,SIRHIND JN.,66,66,0.59,Tier 3: Regional Hub (Top 10%),Top Decile (>= 48 trains)
586,586,SNP,SONIPAT,66,66,0.59,Tier 3: Regional Hub (Top 10%),Top Decile (>= 48 trains)
587,587,SVJR,SHIVAJINAGAR,66,66,0.59,Tier 3: Regional Hub (Top 10%),Top Decile (>= 48 trains)
588,588,ADST,ADI SAPTAGRA,65,65,0.58,Tier 3: Regional Hub (Top 10%),Top Decile (>= 48 trains)
589,589,BKI,BANDIKUI JN.,65,65,0.58,Tier 3: Regional Hub (Top 10%),Top Decile (>= 48 trains)
590,590,BKN,BIKANER JN.,65,65,0.58,Tier 3: Regional Hub (Top 10%),Top Decile (>= 48 trains)
591,591,BPP,BAPATIA,65,65,0.58,Tier 3: Regional Hub (Top 10%),Top Decile (>= 48 trains)
592,592,CDP,CHANDPARA,65,65,0.58,Tier 3: Regional Hub (Top 10%),Top Decile (>= 48 trains)
593,593,COR,CHITTAURGARH,65,65,0.58,Tier 3: Regional Hub (Top 10%),Top Decile (>= 48 trains)
594,594,DVG,DAVANGERE,65,65,0.58,Tier 3: Regional Hub (Top 10%),Top Decile (>= 48 trains)
595,595,HPL,HARI PAL,65,65,0.58,Tier 3: Regional Hub (Top 10%),Top Decile (>= 48 trains)
596,596,KQLS,KAMARKUNDU H,65,65,0.58,Tier 3: Regional Hub (Top 10%),Top Decile (>= 48 trains)
597,597,MLYA,MALIYA,65,65,0.58,Tier 3: Regional Hub (Top 10%),Top Decile (>= 48 trains)
598,598,MNE,MANSI JN.,65,65,0.58,Tier 3: Regional Hub (Top 10%),Top Decile (>= 48 trains)
599,599,NBD,NAJIBABAD JN,65,65,0.58,Tier 3: Regional Hub (Top 10%),Top Decile (>= 48 trains)
600,600,NKL,NALIKUL,65,65,0.58,Tier 3: Regional Hub (Top 10%),Top Decile (>= 48 trains)
601,601,TLO,TALANDU,65,65,0.58,Tier 3: Regional Hub (Top 10%),Top Decile (>= 48 trains)
602,602,VRI,VRIDHA CHALA,65,65,0.58,Tier 3: Regional Hub (Top 10%),Top Decile (>= 48 trains)
603,603,BBU,BHABUA ROAD,64,64,0.58,Tier 3: Regional Hub (Top 10%),Top Decile (>= 48 trains)
604,604,BLAE,BALARAMBATI,64,64,0.58,Tier 3: Regional Hub (Top 10%),Top Decile (>= 48 trains)
605,605,BRYA,BARHIYA,64,64,0.58,Tier 3: Regional Hub (Top 10%),Top Decile (>= 48 trains)
606,606,CCH,CHINCHVAD,64,64,0.58,Tier 3: Regional Hub (Top 10%),Top Decile (>= 48 trains)
607,607,CDAE,CHANDANPUR,64,64,0.58,Tier 3: Regional Hub (Top 10%),Top Decile (>= 48 trains)
608,608,DAKE,DAKHINESWAR,64,64,0.58,Tier 3: Regional Hub (Top 10%),Top Decile (>= 48 trains)
609,609,DWR,DHARWAD,64,64,0.58,Tier 3: Regional Hub (Top 10%),Top Decile (>= 48 trains)
610,610,KSG,KISHANGARH,64,64,0.58,Tier 3: Regional Hub (Top 10%),Top Decile (>= 48 trains)
611,611,KTHU,KATHUA,64,64,0.58,Tier 3: Regional Hub (Top 10%),Top Decile (>= 48 trains)
612,612,LMG,LUMDING JN.,64,64,0.58,Tier 3: Regional Hub (Top 10%),Top Decile (>= 48 trains)
613,613,MALM,MANTHRALAYAM,64,64,0.58,Tier 3: Regional Hub (Top 10%),Top Decile (>= 48 trains)
614,614,MBE,MIRZAPUR BAN,64,64,0.58,Tier 3: Regional Hub (Top 10%),Top Decile (>= 48 trains)
615,615,PWL,PALWAL,64,64,0.58,Tier 3: Regional Hub (Top 10%),Top Decile (>= 48 trains)
616,616,SDL,SHAHDOL,64,64,0.58,Tier 3: Regional Hub (Top 10%),Top Decile (>= 48 trains)
617,617,SJP,SHUJALPUR,64,64,0.58,Tier 3: Regional Hub (Top 10%),Top Decile (>= 48 trains)
618,618,ANG,AHMADNAGAR,63,63,0.57,Tier 3: Regional Hub (Top 10%),Top Decile (>= 48 trains)
619,619,AWR,ALWAR JN.,63,63,0.57,Tier 3: Regional Hub (Top 10%),Top Decile (>= 48 trains)
620,620,BAHW,BAHIR KHANDA,63,63,0.57,Tier 3: Regional Hub (Top 10%),Top Decile (>= 48 trains)
621,621,DUI,DHURI JN.,63,63,0.57,Tier 3: Regional Hub (Top 10%),Top Decile (>= 48 trains)
622,622,HAPA,HAPA,63,63,0.57,Tier 3: Regional Hub (Top 10%),Top Decile (>= 48 trains)
623,623,KKAE,KAIKALA,63,63,0.57,Tier 3: Regional Hub (Top 10%),Top Decile (>= 48 trains)
624,624,LOK,LOKNATH,63,63,0.57,Tier 3: Regional Hub (Top 10%),Top Decile (>= 48 trains)
625,625,MAN,MANINAGAR,63,63,0.57,Tier 3: Regional Hub (Top 10%),Top Decile (>= 48 trains)
626,626,MDSE,MADHUSUDANPU,63,63,0.57,Tier 3: Regional Hub (Top 10%),Top Decile (>= 48 trains)
627,627,MV,MAYILADUTURA,63,63,0.57,Tier 3: Regional Hub (Top 10%),Top Decile (>= 48 trains)
628,628,NCJ,NAGERCOIL JN,63,63,0.57,Tier 3: Regional Hub (Top 10%),Top Decile (>= 48 trains)
629,629,SHG,SHAHGANJ JN.,63,63,0.57,Tier 3: Regional Hub (Top 10%),Top Decile (>= 48 trains)
630,630,AHA,ABHAIPUR,62,62,0.56,Tier 3: Regional Hub (Top 10%),Top Decile (>= 48 trains)
631,631,AKRA,AKRA,62,62,0.56,Tier 3: Regional Hub (Top 10%),Top Decile (>= 48 trains)
632,632,BCGM,BAINCHI GRAM,62,62,0.56,Tier 3: Regional Hub (Top 10%),Top Decile (>= 48 trains)
633,633,BCK,BALICHAK,62,62,0.56,Tier 3: Regional Hub (Top 10%),Top Decile (>= 48 trains)
634,634,BGB,BUDGE BUDGE,62,62,0.56,Tier 3: Regional Hub (Top 10%),Top Decile (>= 48 trains)
635,635,BGF,BAGILA,62,62,0.56,Tier 3: Regional Hub (Top 10%),Top Decile (>= 48 trains)
636,636,BRJ,BRACE BRIDGE,62,62,0.56,Tier 3: Regional Hub (Top 10%),Top Decile (>= 48 trains)
637,637,DBP,DEBIPUR,62,62,0.56,Tier 3: Regional Hub (Top 10%),Top Decile (>= 48 trains)
638,638,KAWR,KAWR,62,62,0.56,Tier 3: Regional Hub (Top 10%),Top Decile (>= 48 trains)
639,639,KK,KHADKI,62,62,0.56,Tier 3: Regional Hub (Top 10%),Top Decile (>= 48 trains)
640,640,MCI,MANCHIRYAL,62,62,0.56,Tier 3: Regional Hub (Top 10%),Top Decile (>= 48 trains)
641,641,NAI,NANGI,62,62,0.56,Tier 3: Regional Hub (Top 10%),Top Decile (>= 48 trains)
642,642,SLG,SIMLAGARH,62,62,0.56,Tier 3: Regional Hub (Top 10%),Top Decile (>= 48 trains)
643,643,SNHT,SANHATI,62,62,0.56,Tier 3: Regional Hub (Top 10%),Top Decile (>= 48 trains)
644,644,SSP,SANTOSH PUR,62,62,0.56,Tier 3: Regional Hub (Top 10%),Top Decile (>= 48 trains)
645,645,DSB,SADAR BAZAR,61,61,0.55,Tier 3: Regional Hub (Top 10%),Top Decile (>= 48 trains)
646,646,MKC,MAKSI JN,61,61,0.55,Tier 3: Regional Hub (Top 10%),Top Decile (>= 48 trains)
647,647,MYR,MAIHAR,61,61,0.55,Tier 3: Regional Hub (Top 10%),Top Decile (>= 48 trains)
648,648,RKM,RAJA-KI-MAND,61,61,0.55,Tier 3: Regional Hub (Top 10%),Top Decile (>= 48 trains)
649,649,RMU,RAMPUR,61,61,0.55,Tier 3: Regional Hub (Top 10%),Top Decile (>= 48 trains)
650,650,BDJ,VADAKARA,60,60,0.54,Tier 3: Regional Hub (Top 10%),Top Decile (>= 48 trains)
651,651,BDYP,BIDYADHARPUR,60,60,0.54,Tier 3: Regional Hub (Top 10%),Top Decile (>= 48 trains)
652,652,CHT,CHAMPAHATI,60,60,0.54,Tier 3: Regional Hub (Top 10%),Top Decile (>= 48 trains)
653,653,DNA,DEGANA JN.,60,60,0.54,Tier 3: Regional Hub (Top 10%),Top Decile (>= 48 trains)
654,654,GUNA,GUNA,60,60,0.54,Tier 3: Regional Hub (Top 10%),Top Decile (>= 48 trains)
655,655,KLKR,KALIKAPUR,60,60,0.54,Tier 3: Regional Hub (Top 10%),Top Decile (>= 48 trains)
656,656,VKB,VIKRABAD JN.,60,60,0.54,Tier 3: Regional Hub (Top 10%),Top Decile (>= 48 trains)
657,657,BGZ,BAHADURGARH,59,59,0.53,Tier 3: Regional Hub (Top 10%),Top Decile (>= 48 trains)
658,658,GCT,GHAZIPUR CIT,59,59,0.53,Tier 3: Regional Hub (Top 10%),Top Decile (>= 48 trains)
659,659,GOF,GHUTIARI SHA,59,59,0.53,Tier 3: Regional Hub (Top 10%),Top Decile (>= 48 trains)
660,660,KMC,KAMAREDDI,59,59,0.53,Tier 3: Regional Hub (Top 10%),Top Decile (>= 48 trains)
661,661,AF,AGRA  FORT,58,58,0.52,Tier 3: Regional Hub (Top 10%),Top Decile (>= 48 trains)
662,662,AY,AYODHYA,58,58,0.52,Tier 3: Regional Hub (Top 10%),Top Decile (>= 48 trains)
663,663,CG,CANNING,58,58,0.52,Tier 3: Regional Hub (Top 10%),Top Decile (>= 48 trains)
664,664,DLN,DILDARNAGAR,58,58,0.52,Tier 3: Regional Hub (Top 10%),Top Decile (>= 48 trains)
665,665,HAUR,HAUR,58,58,0.52,Tier 3: Regional Hub (Top 10%),Top Decile (>= 48 trains)
666,666,HD,HARDA,58,58,0.52,Tier 3: Regional Hub (Top 10%),Top Decile (>= 48 trains)
667,667,LKPL,LAKDI KA PUL,58,58,0.52,Tier 3: Regional Hub (Top 10%),Top Decile (>= 48 trains)
668,668,MABD,MAHBUBABAD,58,58,0.52,Tier 3: Regional Hub (Top 10%),Top Decile (>= 48 trains)
669,669,NLRD,NECKLACE ROA,58,58,0.52,Tier 3: Regional Hub (Top 10%),Top Decile (>= 48 trains)
670,670,RGDA,RAYAGADA JN.,58,58,0.52,Tier 3: Regional Hub (Top 10%),Top Decile (>= 48 trains)
671,671,RIG,RAIGARH,58,58,0.52,Tier 3: Regional Hub (Top 10%),Top Decile (>= 48 trains)
672,672,TGN,TALEGAON,58,58,0.52,Tier 3: Regional Hub (Top 10%),Top Decile (>= 48 trains)
673,673,TLX,TALDI,58,58,0.52,Tier 3: Regional Hub (Top 10%),Top Decile (>= 48 trains)
674,674,UBC,AMBALA CITY,58,58,0.52,Tier 3: Regional Hub (Top 10%),Top Decile (>= 48 trains)
675,675,AD,ADONI,57,57,0.51,Tier 3: Regional Hub (Top 10%),Top Decile (>= 48 trains)
676,676,BMAE,BELMURI,57,57,0.51,Tier 3: Regional Hub (Top 10%),Top Decile (>= 48 trains)
677,677,BPHB,BHILAI POWER,57,57,0.51,Tier 3: Regional Hub (Top 10%),Top Decile (>= 48 trains)
678,678,GQD,GOURDAHA (HA,57,57,0.51,Tier 3: Regional Hub (Top 10%),Top Decile (>= 48 trains)
679,679,GRAE,GURAP,57,57,0.51,Tier 3: Regional Hub (Top 10%),Top Decile (>= 48 trains)
680,680,GWD,GADWAL,57,57,0.51,Tier 3: Regional Hub (Top 10%),Top Decile (>= 48 trains)
681,681,HSR,HISAR JN,57,58,0.51,Tier 3: Regional Hub (Top 10%),Top Decile (>= 48 trains)
682,682,HX,CUDDAPAH,57,57,0.51,Tier 3: Regional Hub (Top 10%),Top Decile (>= 48 trains)
683,683,KSRA,KASARA,57,57,0.51,Tier 3: Regional Hub (Top 10%),Top Decile (>= 48 trains)
684,684,MOZ,MUZAFFARNAGA,57,57,0.51,Tier 3: Regional Hub (Top 10%),Top Decile (>= 48 trains)
685,685,MRA,MORENA,57,57,0.51,Tier 3: Regional Hub (Top 10%),Top Decile (>= 48 trains)
686,686,NNA,NAUGACHIA,57,57,0.51,Tier 3: Regional Hub (Top 10%),Top Decile (>= 48 trains)
687,687,PLF,PIALI,57,57,0.51,Tier 3: Regional Hub (Top 10%),Top Decile (>= 48 trains)
688,688,RDU,RADHAMOHANPU,57,57,0.51,Tier 3: Regional Hub (Top 10%),Top Decile (>= 48 trains)
689,689,RMA,RAMGANJ MAND,57,57,0.51,Tier 3: Regional Hub (Top 10%),Top Decile (>= 48 trains)
690,690,SGG,SULTANGANJ,57,57,0.51,Tier 3: Regional Hub (Top 10%),Top Decile (>= 48 trains)
691,691,VR,VIRAR,57,57,0.51,Tier 3: Regional Hub (Top 10%),Top Decile (>= 48 trains)
692,692,ABKA,AMBIKA KALNA,56,56,0.5,Tier 3: Regional Hub (Top 10%),Top Decile (>= 48 trains)
693,693,AME,AMETHI,56,56,0.5,Tier 3: Regional Hub (Top 10%),Top Decile (>= 48 trains)
694,694,BARU,BAHARU F,56,56,0.5,Tier 3: Regional Hub (Top 10%),Top Decile (>= 48 trains)
695,695,BDZ,BADKULLA,56,56,0.5,Tier 3: Regional Hub (Top 10%),Top Decile (>= 48 trains)
696,696,BIJ,BIRNAGAR,56,56,0.5,Tier 3: Regional Hub (Top 10%),Top Decile (>= 48 trains)
697,697,BMO,BOLARUM,56,56,0.5,Tier 3: Regional Hub (Top 10%),Top Decile (>= 48 trains)
698,698,CRP,CHANDRAPURA,56,56,0.5,Tier 3: Regional Hub (Top 10%),Top Decile (>= 48 trains)
699,699,CVP,KOVILPATTI,56,56,0.5,Tier 3: Regional Hub (Top 10%),Top Decile (>= 48 trains)
700,700,DBSI,DAYA BASTI,56,56,0.5,Tier 3: Regional Hub (Top 10%),Top Decile (>= 48 trains)
701,701,DBT,DAKSHIN BARA,56,56,0.5,Tier 3: Regional Hub (Top 10%),Top Decile (>= 48 trains)
702,702,DKDP,DAKSHIN DURG,56,56,0.5,Tier 3: Regional Hub (Top 10%),Top Decile (>= 48 trains)
703,703,DPDP,DHAPDHAPI,56,56,0.5,Tier 3: Regional Hub (Top 10%),Top Decile (>= 48 trains)
704,704,GADJ,GANDHINAGAR,56,56,0.5,Tier 3: Regional Hub (Top 10%),Top Decile (>= 48 trains)
705,705,GCN,GOCHARAN,56,56,0.5,Tier 3: Regional Hub (Top 10%),Top Decile (>= 48 trains)
706,706,GGC,GANGAPUR CIT,56,56,0.5,Tier 3: Regional Hub (Top 10%),Top Decile (>= 48 trains)
707,707,HIH,HAJIGARH,56,56,0.5,Tier 3: Regional Hub (Top 10%),Top Decile (>= 48 trains)
708,708,HT,HOTAR,56,56,0.5,Tier 3: Regional Hub (Top 10%),Top Decile (>= 48 trains)
709,709,JNM,JAYNAGAR MAJ,56,56,0.5,Tier 3: Regional Hub (Top 10%),Top Decile (>= 48 trains)
710,710,KSJ,KASGANJ JN.,56,56,0.5,Tier 3: Regional Hub (Top 10%),Top Decile (>= 48 trains)
711,711,KYP,KALYANPUR,56,56,0.5,Tier 3: Regional Hub (Top 10%),Top Decile (>= 48 trains)
712,712,LUNI,LUNI JN.,56,56,0.5,Tier 3: Regional Hub (Top 10%),Top Decile (>= 48 trains)
713,713,MAQ,MANGALORE CE,56,56,0.5,Tier 3: Regional Hub (Top 10%),Top Decile (>= 48 trains)
714,714,MGT,MAGRAHAT,56,56,0.5,Tier 3: Regional Hub (Top 10%),Top Decile (>= 48 trains)
715,715,MPRD,MATHURAPUR R,56,56,0.5,Tier 3: Regional Hub (Top 10%),Top Decile (>= 48 trains)
716,716,NEU,NERUL,56,56,0.5,Tier 3: Regional Hub (Top 10%),Top Decile (>= 48 trains)
717,717,OTP,OTTAPPALAM,56,56,0.5,Tier 3: Regional Hub (Top 10%),Top Decile (>= 48 trains)
718,718,PBZ,PORA BAZAR,56,56,0.5,Tier 3: Regional Hub (Top 10%),Top Decile (>= 48 trains)
719,719,SJPR,SURJYAPUR,56,56,0.5,Tier 3: Regional Hub (Top 10%),Top Decile (>= 48 trains)
720,720,SZM,SUBZI MANDI,56,56,0.5,Tier 3: Regional Hub (Top 10%),Top Decile (>= 48 trains)
721,721,THP,TAHERPUR,56,56,0.5,Tier 3: Regional Hub (Top 10%),Top Decile (>= 48 trains)
722,722,TKD,TUGALAKABAD,56,56,0.5,Tier 3: Regional Hub (Top 10%),Top Decile (>= 48 trains)
723,723,VVKP,VIVEKANANDPU,56,56,0.5,Tier 3: Regional Hub (Top 10%),Top Decile (>= 48 trains)
724,724,ACOI,CHHEOKI,55,55,0.49,Tier 3: Regional Hub (Top 10%),Top Decile (>= 48 trains)
725,725,CHI,CHIPLUN,55,55,0.49,Tier 3: Regional Hub (Top 10%),Top Decile (>= 48 trains)
726,726,DPA,DURGAPURA,55,55,0.49,Tier 3: Regional Hub (Top 10%),Top Decile (>= 48 trains)
727,727,HGA,HOGLAHALT E,55,55,0.49,Tier 3: Regional Hub (Top 10%),Top Decile (>= 48 trains)
728,728,JAM,JAMNAGAR,55,55,0.49,Tier 3: Regional Hub (Top 10%),Top Decile (>= 48 trains)
729,729,JHL,JAKHAL JN.,55,55,0.49,Tier 3: Regional Hub (Top 10%),Top Decile (>= 48 trains)
730,730,KVZ,KAVALI,55,55,0.49,Tier 3: Regional Hub (Top 10%),Top Decile (>= 48 trains)
731,731,MSAE,MASAGRAM,55,55,0.49,Tier 3: Regional Hub (Top 10%),Top Decile (>= 48 trains)
732,732,TUNI,TUNI,55,55,0.49,Tier 3: Regional Hub (Top 10%),Top Decile (>= 48 trains)
733,733,VVB,VIVEK VIHAR,55,55,0.49,Tier 3: Regional Hub (Top 10%),Top Decile (>= 48 trains)
734,734,AMLA,AMLA JN.,54,54,0.49,Tier 3: Regional Hub (Top 10%),Top Decile (>= 48 trains)
735,735,BHW,BARHARWA JN.,54,54,0.49,Tier 3: Regional Hub (Top 10%),Top Decile (>= 48 trains)
736,736,BSD,BASULDANGA,54,54,0.49,Tier 3: Regional Hub (Top 10%),Top Decile (>= 48 trains)
737,737,BXN,BAYANA,54,54,0.49,Tier 3: Regional Hub (Top 10%),Top Decile (>= 48 trains)
738,738,CTO,CHITTOOR,54,54,0.49,Tier 3: Regional Hub (Top 10%),Top Decile (>= 48 trains)
739,739,D,DEULA,54,54,0.49,Tier 3: Regional Hub (Top 10%),Top Decile (>= 48 trains)
740,740,DH,DIAMOND HARB,54,54,0.49,Tier 3: Regional Hub (Top 10%),Top Decile (>= 48 trains)
741,741,DMU,DHAMUA,54,54,0.49,Tier 3: Regional Hub (Top 10%),Top Decile (>= 48 trains)
742,742,HTZ,HATHIDAH JN,54,54,0.49,Tier 3: Regional Hub (Top 10%),Top Decile (>= 48 trains)
743,743,JPQ,JHAPANDANGA,54,54,0.49,Tier 3: Regional Hub (Top 10%),Top Decile (>= 48 trains)
744,744,JRAE,JAUGRAM,54,54,0.49,Tier 3: Regional Hub (Top 10%),Top Decile (>= 48 trains)
745,745,KOO,KHUSROPUR,54,54,0.49,Tier 3: Regional Hub (Top 10%),Top Decile (>= 48 trains)
746,746,MDBP,MADHABPUR,54,54,0.49,Tier 3: Regional Hub (Top 10%),Top Decile (>= 48 trains)
747,747,NBAE,NABAGRAM,54,54,0.49,Tier 3: Regional Hub (Top 10%),Top Decile (>= 48 trains)
748,748,NTA,NETRA,54,54,0.49,Tier 3: Regional Hub (Top 10%),Top Decile (>= 48 trains)
749,749,OKA,OKHLA,54,54,0.49,Tier 3: Regional Hub (Top 10%),Top Decile (>= 48 trains)
750,750,PMP,PIMPRI,54,54,0.49,Tier 3: Regional Hub (Top 10%),Top Decile (>= 48 trains)
751,751,PND,PENDRA ROAD,54,54,0.49,Tier 3: Regional Hub (Top 10%),Top Decile (>= 48 trains)
752,752,PNME,PARASNATH,54,54,0.49,Tier 3: Regional Hub (Top 10%),Top Decile (>= 48 trains)
753,753,SBG,SAHIBGANJ,54,54,0.49,Tier 3: Regional Hub (Top 10%),Top Decile (>= 48 trains)
754,754,SGL,SAGAULI JN.,54,54,0.49,Tier 3: Regional Hub (Top 10%),Top Decile (>= 48 trains)
755,755,SRT,SATUR,54,54,0.49,Tier 3: Regional Hub (Top 10%),Top Decile (>= 48 trains)
756,756,UDN,UDHNA JN.,54,54,0.49,Tier 3: Regional Hub (Top 10%),Top Decile (>= 48 trains)
757,757,UTN,UTTAR RADHAN,54,54,0.49,Tier 3: Regional Hub (Top 10%),Top Decile (>= 48 trains)
758,758,YG,YADGIR,54,54,0.49,Tier 3: Regional Hub (Top 10%),Top Decile (>= 48 trains)
759,759,BGM,BELGAUM,53,53,0.48,Tier 3: Regional Hub (Top 10%),Top Decile (>= 48 trains)
760,760,CGY,CHANGANACHER,53,53,0.48,Tier 3: Regional Hub (Top 10%),Top Decile (>= 48 trains)
761,761,GURN,GURUDAS NAGA,53,53,0.48,Tier 3: Regional Hub (Top 10%),Top Decile (>= 48 trains)
762,762,HRR,HARIHAR JN.,53,53,0.48,Tier 3: Regional Hub (Top 10%),Top Decile (>= 48 trains)
763,763,LD,LONDA JN.,53,53,0.48,Tier 3: Regional Hub (Top 10%),Top Decile (>= 48 trains)
764,764,MED,MEDCHAL,53,53,0.48,Tier 3: Regional Hub (Top 10%),Top Decile (>= 48 trains)
765,765,MHD,MAHEMADAVAD,53,53,0.48,Tier 3: Regional Hub (Top 10%),Top Decile (>= 48 trains)
766,766,PLG,PALGHAR,53,53,0.48,Tier 3: Regional Hub (Top 10%),Top Decile (>= 48 trains)
767,767,VSU,BISHNUPUR,53,53,0.48,Tier 3: Regional Hub (Top 10%),Top Decile (>= 48 trains)
768,768,YA,YERRA GUNTLA,53,53,0.48,Tier 3: Regional Hub (Top 10%),Top Decile (>= 48 trains)
769,769,AH,ACHHNERA JN.,52,52,0.47,Tier 3: Regional Hub (Top 10%),Top Decile (>= 48 trains)
770,770,BAU,BURHANPUR,52,52,0.47,Tier 3: Regional Hub (Top 10%),Top Decile (>= 48 trains)
771,771,BTPG,BETHERIA GHO,52,52,0.47,Tier 3: Regional Hub (Top 10%),Top Decile (>= 48 trains)
772,772,DEHR,DEHU ROAD,52,52,0.47,Tier 3: Regional Hub (Top 10%),Top Decile (>= 48 trains)
773,773,EGT,EGATTUR,52,52,0.47,Tier 3: Regional Hub (Top 10%),Top Decile (>= 48 trains)
774,774,JNH,JANGHAI JN.,52,52,0.47,Tier 3: Regional Hub (Top 10%),Top Decile (>= 48 trains)
775,775,KHT,SRI KALAHAST,52,52,0.47,Tier 3: Regional Hub (Top 10%),Top Decile (>= 48 trains)
776,776,KRJ,KHURJA JN,52,52,0.47,Tier 3: Regional Hub (Top 10%),Top Decile (>= 48 trains)
777,777,MLMR,MELMARUVATHU,52,52,0.47,Tier 3: Regional Hub (Top 10%),Top Decile (>= 48 trains)
778,778,PAN,PANA GARH,52,52,0.47,Tier 3: Regional Hub (Top 10%),Top Decile (>= 48 trains)
779,779,PHR,PHILLAUR JN.,52,52,0.47,Tier 3: Regional Hub (Top 10%),Top Decile (>= 48 trains)
780,780,PLAE,PALSIT,52,52,0.47,Tier 3: Regional Hub (Top 10%),Top Decile (>= 48 trains)
781,781,PTK,PATHANKOT JN,52,52,0.47,Tier 3: Regional Hub (Top 10%),Top Decile (>= 48 trains)
782,782,RSLR,RASULPUR,52,52,0.47,Tier 3: Regional Hub (Top 10%),Top Decile (>= 48 trains)
783,783,UHP,UDHAMPUR,52,52,0.47,Tier 3: Regional Hub (Top 10%),Top Decile (>= 48 trains)
784,784,VAK,VARKALA,52,52,0.47,Tier 3: Regional Hub (Top 10%),Top Decile (>= 48 trains)
785,785,AMRO,AMROHA,51,51,0.46,Tier 3: Regional Hub (Top 10%),Top Decile (>= 48 trains)
786,786,PAY,PAYYANUR,51,51,0.46,Tier 3: Regional Hub (Top 10%),Top Decile (>= 48 trains)
787,787,THVM,THIVIM,51,51,0.46,Tier 3: Regional Hub (Top 10%),Top Decile (>= 48 trains)
788,788,DGG,DONGAR GARH,50,50,0.45,Tier 3: Regional Hub (Top 10%),Top Decile (>= 48 trains)
789,789,GMDN,GIRI MAIDAN,50,50,0.45,Tier 3: Regional Hub (Top 10%),Top Decile (>= 48 trains)
790,790,HBD,HOSHANGABAD,50,50,0.45,Tier 3: Regional Hub (Top 10%),Top Decile (>= 48 trains)
791,791,HVR,HAVERI,50,50,0.45,Tier 3: Regional Hub (Top 10%),Top Decile (>= 48 trains)
792,792,JMU,JAMUI,50,50,0.45,Tier 3: Regional Hub (Top 10%),Top Decile (>= 48 trains)
793,793,KAN,KHANA JN.,50,50,0.45,Tier 3: Regional Hub (Top 10%),Top Decile (>= 48 trains)
794,794,MPD,MADPUR,50,50,0.45,Tier 3: Regional Hub (Top 10%),Top Decile (>= 48 trains)
795,795,NKE,NARKATIAGANJ,50,50,0.45,Tier 3: Regional Hub (Top 10%),Top Decile (>= 48 trains)
796,796,SHC,SAHARSA JN.,50,50,0.45,Tier 3: Regional Hub (Top 10%),Top Decile (>= 48 trains)
797,797,SKB,SHIKOHABAD J,50,50,0.45,Tier 3: Regional Hub (Top 10%),Top Decile (>= 48 trains)
798,798,TPH,TINPAHAR JN.,50,50,0.45,Tier 3: Regional Hub (Top 10%),Top Decile (>= 48 trains)
799,799,WFD,WHITE FIELD,50,50,0.45,Tier 3: Regional Hub (Top 10%),Top Decile (>= 48 trains)
800,800,YNK,YELAHANKA JN,50,50,0.45,Tier 3: Regional Hub (Top 10%),Top Decile (>= 48 trains)
801,801,BAQ,GANJ BASODA,49,49,0.44,Tier 3: Regional Hub (Top 10%),Top Decile (>= 48 trains)
802,802,BNW,BHIWANI JN.,49,50,0.44,Tier 3: Regional Hub (Top 10%),Top Decile (>= 48 trains)
803,803,BPA,BELLAMPALLI,49,49,0.44,Tier 3: Regional Hub (Top 10%),Top Decile (>= 48 trains)
804,804,CAP,CHATRAPUR,49,49,0.44,Tier 3: Regional Hub (Top 10%),Top Decile (>= 48 trains)
805,805,DO,DAUSA,49,49,0.44,Tier 3: Regional Hub (Top 10%),Top Decile (>= 48 trains)
806,806,FDN,FARIDABAD NE,49,49,0.44,Tier 3: Regional Hub (Top 10%),Top Decile (>= 48 trains)
807,807,JER,JALESWAR,49,49,0.44,Tier 3: Regional Hub (Top 10%),Top Decile (>= 48 trains)
808,808,JOC,JOYCHANDI PA,49,49,0.44,Tier 3: Regional Hub (Top 10%),Top Decile (>= 48 trains)
809,809,KHAI,KHIRAI,49,49,0.44,Tier 3: Regional Hub (Top 10%),Top Decile (>= 48 trains)
810,810,MEJ,VANCHI MANIY,49,49,0.44,Tier 3: Regional Hub (Top 10%),Top Decile (>= 48 trains)
811,811,SMCK,SHYAM CHAK,49,49,0.44,Tier 3: Regional Hub (Top 10%),Top Decile (>= 48 trains)
812,812,TTR,TIPTUR,49,49,0.44,Tier 3: Regional Hub (Top 10%),Top Decile (>= 48 trains)
813,813,AFK,ANGAMALI (FO,48,48,0.43,Tier 3: Regional Hub (Top 10%),Top Decile (>= 48 trains)
814,814,AKRD,AKURDI,48,48,0.43,Tier 3: Regional Hub (Top 10%),Top Decile (>= 48 trains)
815,815,AST,ASAOTI,48,48,0.43,Tier 3: Regional Hub (Top 10%),Top Decile (>= 48 trains)
816,816,BIRD,BHIWANDI ROA,48,48,0.43,Tier 3: Regional Hub (Top 10%),Top Decile (>= 48 trains)
817,817,CSN,CHALISGAON J,48,48,0.43,Tier 3: Regional Hub (Top 10%),Top Decile (>= 48 trains)
818,818,DAPD,DAPODI,48,48,0.43,Tier 3: Regional Hub (Top 10%),Top Decile (>= 48 trains)
819,819,DNKL,DHENKANAL,48,48,0.43,Tier 3: Regional Hub (Top 10%),Top Decile (>= 48 trains)
820,820,GKL,GOKULPUR,48,48,0.43,Tier 3: Regional Hub (Top 10%),Top Decile (>= 48 trains)
821,821,JPR,JAKPUR,48,48,0.43,Tier 3: Regional Hub (Top 10%),Top Decile (>= 48 trains)
822,822,KGI,KENGERI,48,48,0.43,Tier 3: Regional Hub (Top 10%),Top Decile (>= 48 trains)
823,823,KPY,KARUNAGAPPAL,48,48,0.43,Tier 3: Regional Hub (Top 10%),Top Decile (>= 48 trains)
824,824,KSNG,KESINGA,48,48,0.43,Tier 3: Regional Hub (Top 10%),Top Decile (>= 48 trains)
825,825,MGN,MEGHNAGAR,48,48,0.43,Tier 3: Regional Hub (Top 10%),Top Decile (>= 48 trains)
826,826,MRGA,MIRYALAGUDA,48,48,0.43,Tier 3: Regional Hub (Top 10%),Top Decile (>= 48 trains)
827,827,NLDA,NALGONDA,48,48,0.43,Tier 3: Regional Hub (Top 10%),Top Decile (>= 48 trains)
828,828,RNR,RANIBENNUR,48,48,0.43,Tier 3: Regional Hub (Top 10%),Top Decile (>= 48 trains)
829,829,SGUJ,SILIGURI JN.,48,48,0.43,Tier 3: Regional Hub (Top 10%),Top Decile (>= 48 trains)
830,830,SIL,SAKHIGOPAL,48,48,0.43,Tier 3: Regional Hub (Top 10%),Top Decile (>= 48 trains)
