Train_No,Stop_Count
53041,118
13007,112
13049,111
58112,109
13008,108
53042,107
13050,106
58111,102
19019,98
13152,97
13352,97
19024,97
13151,96
13351,96
19023,94
19020,92
57257,92
11058,91
13120,91
58001,91
11057,90
57258,90
58002,90
13119,89
15909,89
18238,89
57561,88
57562,87
54805,86
18237,85
6581,85
6582,85
13134,84
18029,83
51421,83
53043,83
63553,83
63554,83
13133,82
16032,82
18030,82
19039,82
19040,82
16031,81
54806,81
56504,79
57326,79
13010,78
56503,78
57305,78
58131,78
58132,78
13009,77
57325,77
18477,76
51422,76
16318,75
18478,75
54252,75
13307,74
18234,74
54251,74
59441,74
59442,74
15017,73
15018,73
17480,73
53044,73
17479,72
18102,72
18233,72
19166,72
59439,72
13308,71
16317,71
18101,71
51187,71
51188,71
57272,71
59811,71
59812,71
19165,70
53131,70
53132,70
19037,68
19038,68
56502,68
57271,68
11077,67
13201,67
16688,67
18235,67
18236,67
13019,66
17482,66
53403,66
56501,66
59440,66
11078,65
13483,65
17481,65
58117,65
59355,65
59356,65
12834,64
13020,64
51189,64
51190,64
54809,64
54810,64
58118,64
58529,64
58530,64
59831,64
12521,63
12833,63
13202,63
13413,63
13484,63
14649,63
16381,63
16687,63
19015,63
19215,63
53525,63
56515,63
56516,63
57129,63
59832,63
11039,62
12522,62
14055,62
16382,62
17406,62
19016,62
53526,62
54377,62
54378,62
57474,62
59049,62
59050,62
12511,61
13414,61
14056,61
17405,61
18646,61
58114,61
11040,60
12512,60
19224,60
54641,60
54703,60
54783,60
54784,60
57274,60
58113,60
59207,60
15484,59
16333,59
16334,59
18645,59
53343,59
54642,59
57273,59
57549,59
58417,59
58418,59
59208,59
12507,58
14650,58
14673,58
14674,58
15483,58
15906,58
19223,58
2515,58
53344,58
54803,58
54804,58
55031,58
55050,58
56514,58
57225,58
57516,58
12515,57
13005,57
15905,57
19167,57
19168,57
56513,57
57515,57
57550,57
12137,56
12508,56
12516,56
13006,56
15959,56
15960,56
16335,56
16336,56
54462,56
54704,56
57306,56
58527,56
58528,56
15648,55
22647,55
22648,55
54461,55
55032,55
55049,55
55325,55
55326,55
57226,55
59705,55
59706,55
12138,54
15647,54
16629,54
16630,54
56323,54
56324,54
15708,53
16860,53
53049,53
55895,53
55896,53
57130,53
58501,53
58502,53
5865,53
5866,53
11027,52
11028,52
12919,52
13288,52
16649,52
16859,52
22645,52
51433,52
51434,52
57659,52
12920,51
13287,51
14266,51
15707,51
15929,51
15930,51
16338,51
22646,51
11463,50
11464,50
11466,50
15027,50
15028,50
15159,50
16337,50
16347,50
16650,50
53050,50
53061,50
53062,50
54475,50
54476,50
55007,50
55008,50
57425,50
59393,50
59394,50
11123,49
11124,49
11465,49
12322,49
13033,49
14265,49
16348,49
16526,49
50105,49
50106,49
55901,49
55902,49
56701,49
57329,49
57330,49
57426,49
59385,49
59547,49
74835,49
74836,49
7505,49
12321,48
12617,48
12618,48
14235,48
15209,48
15210,48
15211,48
15646,48
16127,48
16128,48
18005,48
18507,48
18508,48
51153,48
54751,48
54752,48
57136,48
57547,48
58213,48
58214,48
59386,48
59503,48
59504,48
73151,48
73152,48
11015,47
11272,47
15645,47
16093,47
16351,47
18463,47
51154,47
51286,47
54304,47
57135,47
57548,47
59822,47
7509,47
11016,46
11448,46
12721,46
12722,46
14311,46
14321,46
15160,46
15212,46
15623,46
15624,46
16094,46
16345,46
16346,46
16352,46
16507,46
16525,46
18006,46
18464,46
51285,46
53408,46
54333,46
54334,46
54472,46
56320,46
56700,46
11447,45
13034,45
13132,45
14236,45
14312,45
14322,45
15273,45
15274,45
16209,45
16508,45
18048,45
54471,45
54789,45
54790,45
55713,45
55714,45
57277,45
57563,45
58011,45
58012,45
59548,45
75719,45
77298,45
12659,44
12660,44
12809,44
13131,44
13248,44
15635,44
15636,44
16210,44
16311,44
16312,44
16359,44
16360,44
18047,44
22643,44
37911,44
37913,44
37917,44
37918,44
37922,44
37926,44
51671,44
51672,44
51827,44
51828,44
54076,44
54159,44
55539,44
56304,44
56913,44
56914,44
57124,44
58025,44
58026,44
59075,44
59076,44
59341,44
59342,44
75720,44
11071,43
12625,43
12843,43
12844,43
12976,43
14006,43
15651,43
15652,43
15653,43
15654,43
16331,43
16593,43
16594,43
16863,43
17229,43
17230,43
18622,43
19031,43
19032,43
19568,43
20813,43
20814,43
53357,43
54255,43
54757,43
54758,43
55540,43
56261,43
56365,43
56366,43
56705,43
56769,43
56770,43
57448,43
58206,43
58414,43
58533,43
58534,43
68007,43
12509,42
12626,42
12656,42
12810,42
12875,42
12925,42
12975,42
13021,42
13022,42
16332,42
16733,42
16734,42
16864,42
18111,42
18112,42
18621,42
19567,42
22644,42
30142,42
51409,42
53001,42
53029,42
53358,42
54256,42
54539,42
54782,42
55813,42
55814,42
56706,42
57133,42
57477,42
57478,42
58205,42
58413,42
59721,42
59722,42
59813,42
59821,42
69150,42
11061,41
11072,41
12510,41
12577,41
12615,41
12655,41
12807,41
12876,41
12926,41
13247,41
14005,41
14217,41
14307,41
14801,41
16605,41
16606,41
17015,41
17016,41
18401,41
18402,41
18421,41
18422,41
18447,41
18448,41
19259,41
19260,41
22501,41
34062,41
37912,41
37927,41
51410,41
53030,41
54303,41
54833,41
54834,41
55223,41
55224,41
55711,41
55712,41
56227,41
56228,41
56262,41
56603,41
57436,41
57553,41
57554,41
58301,41
58302,41
59814,41
68020,41
69149,41
74013,41
74014,41
11020,40
11021,40
12312,40
12578,40
12591,40
12592,40
12616,40
12808,40
14218,40
14308,40
14887,40
14888,40
15629,40
15630,40
15655,40
15656,40
15659,40
15660,40
16339,40
18405,40
18406,40
22851,40
22852,40
37928,40
51673,40
51674,40
53171,40
54043,40
54044,40
54075,40
54540,40
55021,40
55022,40
56650,40
56651,40
56654,40
56905,40
56906,40
57473,40
57476,40
57651,40
57652,40
58603,40
58604,40
64561,40
64562,40
68019,40
7109,40
7110,40
11005,39
11019,39
11022,39
11045,39
11046,39
11062,39
12311,39
12335,39
12969,39
12970,39
14659,39
14660,39
15013,39
15014,39
15045,39
15046,39
16340,39
17205,39
17206,39
18247,39
18248,39
18631,39
18632,39
19707,39
19708,39
22502,39
31111,39
37921,39
51814,39
53180,39
53417,39
53418,39
54011,39
54012,39
54602,39
54702,39
56319,39
57123,39
57475,39
58004,39
58537,39
58538,39
59603,39
59604,39
63226,39
68017,39
68018,39
7133,39
7134,39
7141,39
7142,39
74837,39
74838,39
7614,39
11006,38
11303,38
11304,38
12336,38
14805,38
15933,38
15934,38
16531,38
16532,38
17418,38
22973,38
22974,38
24369,38
24370,38
38051,38
50103,38
50104,38
51611,38
51612,38
51813,38
53172,38
54463,38
54601,38
54781,38
57134,38
57660,38
58003,38
59425,38
59426,38
7613,38
11108,37
12296,37
12715,37
12949,37
12950,37
14806,37
14854,37
15008,37
15119,37
15120,37
15203,37
15204,37
17417,37
18181,37
18182,37
18311,37
18312,37
19413,37
19414,37
19709,37
19710,37
22497,37
22641,37
22642,37
25657,37
25658,37
31112,37
38805,37
38807,37
38809,37
38811,37
51157,37
51158,37
51184,37
54411,37
54412,37
55527,37
55528,37
57625,37
57626,37
57631,37
57641,37
63227,37
68747,37
68748,37
7113,37
7149,37
7217,37
7218,37
75105,37
75106,37
11041,36
12295,36
12627,36
12716,36
12840,36
12864,36
14016,36
14017,36
14018,36
14369,36
14370,36
14853,36
15007,36
15227,36
15667,36
15668,36
16614,36
17210,36
17487,36
17643,36
17644,36
18183,36
30324,36
31911,36
31912,36
31913,36
31914,36
31915,36
31917,36
31918,36
31919,36
31921,36
31922,36
31923,36
31926,36
31927,36
31929,36
38802,36
38803,36
38810,36
38812,36
38813,36
38814,36
38818,36
38820,36
38826,36
38828,36
38830,36
51183,36
51198,36
51425,36
51679,36
51680,36
51909,36
51910,36
51911,36
51912,36
53002,36
53176,36
53178,36
53347,36
54046,36
54464,36
54633,36
56273,36
56274,36
56909,36
57230,36
57327,36
57328,36
57539,36
57540,36
57542,36
57593,36
57594,36
58009,36
58010,36
58419,36
58420,36
63142,36
6919,36
6920,36
7211,36
7212,36
74021,36
74024,36
75002,36
75005,36
77295,36
11029,35
11301,35
12409,35
12410,35
12628,35
12839,35
12863,35
12904,35
13246,35
14015,35
15228,35
15603,35
15604,35
15903,35
15904,35
16227,35
16229,35
16235,35
16587,35
16613,35
17209,35
18184,35
18573,35
18574,35
19045,35
19046,35
19269,35
19270,35
30321,35
31151,35
31152,35
31920,35
31924,35
31925,35
38819,35
51197,35
51419,35
51426,35
51829,35
53175,35
53179,35
53348,35
53523,35
53524,35
54035,35
54036,35
54605,35
55538,35
55663,35
55664,35
56602,35
56910,35
57229,35
57241,35
57242,35
58161,35
63233,35
74841,35
74842,35
11013,34
11014,34
11030,34
11042,34
11302,34
11401,34
11402,34
11449,34
12177,34
12178,34
12903,34
13141,34
13142,34
14007,34
14008,34
14258,34
14707,34
14708,34
15232,34
15631,34
15632,34
16505,34
16588,34
17019,34
17020,34
17233,34
17234,34
17307,34
19711,34
19712,34
22475,34
22476,34
22911,34
22912,34
30135,34
30145,34
30322,34
30344,34
30346,34
37811,34
37813,34
37814,34
37816,34
37817,34
37818,34
37819,34
37820,34
37821,34
37823,34
37825,34
37827,34
37829,34
37832,34
37834,34
37836,34
37838,34
37840,34
37842,34
37848,34
37850,34
37851,34
37852,34
37854,34
37855,34
37857,34
38057,34
38703,34
38707,34
38804,34
38815,34
38831,34
51030,34
51401,34
51402,34
51675,34
51676,34
51973,34
51974,34
52472,34
52473,34
53181,34
54045,34
54101,34
54102,34
54634,34
54792,34
55119,34
55120,34
55467,34
55468,34
55537,34
55753,34
55754,34
56215,34
56216,34
56904,34
57278,34
57541,34
58162,34
63108,34
63208,34
63211,34
63225,34
63502,34
69139,34
7005,34
7006,34
11097,33
12139,33
12140,33
12391,33
12392,33
12602,33
13023,33
13024,33
13163,33
13164,33
14603,33
14604,33
14865,33
14866,33
15657,33
15658,33
16506,33
17488,33
18191,33
18243,33
18244,33
18245,33
18246,33
18567,33
18568,33
19027,33
19028,33
19218,33
19565,33
19566,33
37833,33
37846,33
37919,33
38702,33
38704,33
38705,33
38708,33
38710,33
38713,33
38719,33
38726,33
38816,33
38817,33
38822,33
51420,33
52474,33
53186,33
54109,33
54110,33
54473,33
55013,33
55014,33
55131,33
55132,33
55329,33
55330,33
55615,33
55616,33
56041,33
56362,33
56363,33
56903,33
63231,33
68706,33
71414,33
71415,33
7417,33
7418,33
7525,33
7526,33
75743,33
75744,33
11098,32
12331,32
12332,32
12643,32
12665,32
12666,32
12781,32
12782,32
12801,32
12941,32
12942,32
12967,32
12968,32
13245,32
13347,32
13348,32
14033,32
14257,32
14864,32
15231,32
15941,32
15942,32
16535,32
16536,32
16603,32
16724,32
17204,32
17207,32
17208,32
17308,32
17416,32
17641,32
17642,32
18241,32
18242,32
19264,32
19301,32
19302,32
19331,32
19332,32
22631,32
22632,32
22638,32
30128,32
34056,32
37812,32
38706,32
38711,32
51603,32
51604,32
51902,32
51913,32
54253,32
54254,32
54791,32
56275,32
58005,32
58006,32
64167,32
64168,32
64461,32
64462,32
64511,32
64512,32
64513,32
64584,32
66304,32
66305,32
71413,32
11024,31
11107,31
11450,31
12175,31
12176,31
12333,31
12334,31
12475,31
12476,31
12477,31
12478,31
12513,31
12589,31
12590,31
12601,31
12644,31
12688,31
12802,31
12853,31
12854,31
12871,31
12872,31
14709,31
14710,31
14723,31
14863,31
15003,31
15097,31
15098,31
15967,31
15968,31
16228,31
16353,31
16354,31
16604,31
16723,31
17203,31
17415,31
17419,31
18192,31
18239,31
18517,31
18518,31
19041,31
19415,31
19416,31
19611,31
19612,31
19713,31
19714,31
22637,31
22684,31
22829,31
22830,31
22946,31
30361,31
31928,31
37916,31
37923,31
38728,31
51029,31
51601,31
51602,31
51805,31
51806,31
51883,31
51884,31
51901,31
53063,31
53064,31
53351,31
53352,31
53415,31
53416,31
53431,31
53432,31
54271,31
54272,31
54701,31
54763,31
56042,31
56276,31
57240,31
57381,31
57632,31
58017,31
58018,31
59013,31
59014,31
59038,31
59078,31
63105,31
63228,31
63264,31
64583,31
64591,31
64592,31
71416,31
75230,31
76525,31
76526,31
11017,30
11018,30
11033,30
11034,30
12129,30
12130,30
12505,30
12514,30
12687,30
12905,30
12906,30
13105,30
13106,30
13425,30
13426,30
14034,30
14163,30
14309,30
14310,30
14317,30
14318,30
14724,30
16301,30
16302,30
16533,30
16534,30
16589,30
16590,30
16591,30
16592,30
17057,30
18415,30
18416,30
18611,30
18612,30
19217,30
19261,30
19262,30
19607,30
19608,30
19803,30
19804,30
22605,30
22606,30
22619,30
22620,30
22683,30
22915,30
22916,30
22945,30
31813,30
31817,30
31825,30
31827,30
31838,30
31916,30
34792,30
34793,30
36815,30
36831,30
36844,30
36846,30
36853,30
36860,30
37831,30
37845,30
37853,30
37915,30
37920,30
37924,30
38801,30
51181,30
51182,30
51753,30
51754,30
51830,30
52465,30
52466,30
52467,30
52468,30
52471,30
54325,30
54326,30
56640,30
56641,30
56882,30
57551,30
57552,30
58207,30
58208,30
58408,30
58421,30
58422,30
59037,30
59077,30
63141,30
63207,30
63210,30
64565,30
64566,30
69140,30
70105,30
70106,30
7214,30
75115,30
75116,30
75715,30
75716,30
96114,30
96116,30
11083,29
12189,29
12253,29
12254,29
12371,29
12372,29
12405,29
12406,29
12465,29
12466,29
12506,29
12551,29
12552,29
12645,29
12779,29
12780,29
12791,29
12815,29
12816,29
13235,29
13236,29
14511,29
14632,29
14645,29
14731,29
14732,29
15661,29
15662,29
16105,29
16106,29
16187,29
16791,29
16792,29
17058,29
17623,29
17624,29
18501,29
18502,29
18609,29
18610,29
19115,29
19116,29
19201,29
19202,29
19409,29
19410,29
19421,29
19577,29
19578,29
19601,29
19602,29
19609,29
19665,29
19666,29
22633,29
22634,29
2731,29
2732,29
2833,29
2834,29
30122,29
31511,29
31514,29
31515,29
31516,29
31517,29
31521,29
31522,29
31526,29
31527,29
31529,29
31530,29
31532,29
31767,29
31770,29
31772,29
31801,29
31802,29
31811,29
31812,29
31815,29
31816,29
31820,29
31821,29
31822,29
31828,29
31835,29
31836,29
33511,29
33512,29
33513,29
33514,29
33515,29
33517,29
33519,29
33520,29
33521,29
33522,29
33523,29
33525,29
33526,29
33530,29
33532,29
33533,29
33536,29
34782,29
36811,29
36814,29
36819,29
36820,29
36821,29
36822,29
36823,29
36826,29
36827,29
36828,29
36829,29
36832,29
36833,29
36836,29
36837,29
36838,29
36839,29
36840,29
36841,29
36847,29
36848,29
36849,29
36850,29
36852,29
36854,29
36855,29
36856,29
36858,29
37839,29
37914,29
37925,29
38501,29
38502,29
38709,29
38824,29
43502,29
43503,29
43504,29
43509,29
43511,29
43515,29
43852,29
51028,29
51411,29
53008,29
53177,29
54033,29
54603,29
54604,29
54606,29
54636,29
55603,29
55604,29
56223,29
56224,29
57155,29
57156,29
57238,29
57564,29
58203,29
58204,29
58219,29
58220,29
58661,29
58662,29
63209,29
63212,29
63234,29
63597,29
63598,29
64465,29
64587,29
64588,29
68055,29
68056,29
68745,29
7213,29
7410,29
74833,29
74834,29
75227,29
75717,29
75718,29
8567,29
8568,29
11023,28
11084,28
11203,28
11204,28
12190,28
12307,28
12308,28
12401,28
12402,28
12519,28
12520,28
12646,28
12647,28
12648,28
12792,28
13237,28
13238,28
13401,28
13402,28
14512,28
14553,28
14646,28
15004,28
15205,28
15531,28
15532,28
15715,28
15716,28
16308,28
17018,28
17037,28
17038,28
17232,28
17605,28
17606,28
17621,28
17622,28
18425,28
18426,28
19061,28
19062,28
19263,28
19422,28
22351,28
22352,28
22653,28
22654,28
22655,28
22656,28
22837,28
22884,28
22981,28
22982,28
30342,28
31512,28
31513,28
31520,28
31524,28
31525,28
31537,28
31538,28
31539,28
31541,28
31771,28
31823,28
31824,28
31832,28
31837,28
36816,28
36817,28
36824,28
36834,28
36842,28
36843,28
36845,28
37653,28
37654,28
37655,28
37656,28
37657,28
37658,28
37744,28
37748,28
37750,28
37751,28
37752,28
37753,28
37756,28
37824,28
43501,28
43505,28
43506,28
43507,28
43508,28
43510,28
43512,28
43513,28
43514,28
43516,28
43801,28
43802,28
43803,28
43805,28
51605,28
51606,28
51914,28
52171,28
52172,28
52463,28
53007,28
54162,28
54474,28
54541,28
54542,28
54635,28
55075,28
55076,28
55079,28
55150,28
55541,28
55542,28
56825,28
56826,28
57237,28
58007,28
58008,28
58015,28
58016,28
58505,28
58506,28
58801,28
58802,28
58803,28
58804,28
59715,28
59716,28
59717,28
59718,28
59719,28
59720,28
63295,28
63296,28
64452,28
64454,28
64557,28
64558,28
64559,28
64560,28
66611,28
66612,28
67300,28
68746,28
7008,28
7438,28
7439,28
74845,28
74846,28
74847,28
74848,28
75707,28
75708,28
78503,28
78504,28
78819,28
78820,28
11035,27
11043,27
11093,27
12106,27
12145,27
12146,27
12375,27
12376,27
12483,27
12484,27
12485,27
12486,27
12704,27
12859,27
12993,27
12994,27
13169,27
13170,27
14314,27
14545,27
14546,27
14631,27
15049,27
15050,27
15206,27
15559,27
15560,27
15643,27
15769,27
15927,27
15928,27
16004,27
16182,27
16188,27
16307,27
16313,27
16502,27
17017,27
17231,27
17239,27
17316,27
18449,27
18450,27
18637,27
18638,27
18697,27
18698,27
19033,27
19034,27
19042,27
19401,27
19402,27
19420,27
22511,27
22512,27
22660,27
22663,27
22664,27
22819,27
22838,27
22883,27
22931,27
22932,27
22949,27
22953,27
22954,27
30331,27
30332,27
30333,27
31519,27
31523,27
31528,27
31533,27
31535,27
31540,27
31542,27
31768,27
33282,27
36813,27
36818,27
37741,27
37746,27
37747,27
37815,27
37828,27
37830,27
37837,27
37847,27
38730,27
43402,27
43403,27
43404,27
43405,27
43406,27
43407,27
43409,27
43411,27
43412,27
43413,27
43414,27
43415,27
43418,27
43419,27
43420,27
43421,27
43422,27
43425,27
43427,27
43428,27
43430,27
43436,27
43438,27
51818,27
52464,27
54153,27
54154,27
54155,27
54156,27
54161,27
54294,27
54351,27
54352,27
54354,27
54632,27
55019,27
55020,27
55149,27
55181,27
55182,27
55183,27
55184,27
55327,27
55328,27
55913,27
55914,27
56011,27
56012,27
56281,27
56282,27
56884,27
56885,27
57231,27
57232,27
57486,27
58411,27
58412,27
58525,27
58531,27
58532,27
58805,27
6009,27
6010,27
63261,27
64903,27
64904,27
66019,27
66020,27
67260,27
67263,27
67299,27
68023,27
68024,27
68724,27
7007,27
75012,27
76842,27
96657,27
11036,26
11044,26
11087,26
11089,26
11090,26
11094,26
11201,26
11202,26
1196,26
12105,26
12235,26
12236,26
12252,26
12435,26
12436,26
12471,26
12472,26
12642,26
12703,26
12860,26
12889,26
13403,26
13404,26
14313,26
14554,26
15001,26
15002,26
15067,26
15068,26
15417,26
15418,26
15563,26
15564,26
15639,26
15640,26
15644,26
15717,26
15718,26
15770,26
16003,26
16181,26
16314,26
17031,26
17032,26
17225,26
17226,26
17240,26
17420,26
18117,26
18118,26
18215,26
18216,26
18407,26
18408,26
18623,26
19419,26
19613,26
19614,26
22113,26
22114,26
22457,26
22458,26
22629,26
22630,26
22640,26
22659,26
22917,26
22918,26
30121,26
30711,26
30712,26
31051,26
31053,26
31055,26
31536,26
31830,26
31834,26
33061,26
33518,26
34052,26
34054,26
36825,26
36851,26
37745,26
38052,26
38058,26
38808,26
38829,26
51027,26
51701,26
51702,26
51803,26
51804,26
51817,26
53213,26
54055,26
54056,26
54158,26
54551,26
54552,26
54764,26
55001,26
55042,26
55122,26
55137,26
55138,26
55139,26
55140,26
55601,26
55602,26
56113,26
56114,26
56711,26
57121,26
57382,26
57581,26
57582,26
57583,26
57584,26
58023,26
58024,26
58143,26
58526,26
63241,26
63243,26
63244,26
63248,26
63257,26
63258,26
63595,26
63596,26
64471,26
64472,26
64534,26
64581,26
64582,26
64910,26
64953,26
67261,26
76841,26
76851,26
77609,26
78051,26
78052,26
78053,26
78054,26
78055,26
78056,26
78059,26
78060,26
78061,26
79301,26
79302,26
96236,26
11079,25
11088,25
12201,25
12202,25
12251,25
12303,25
12304,25
12474,25
12641,25
12669,25
12836,25
13149,25
13150,25
15269,25
15270,25
15529,25
15530,25
15613,25
15614,25
15621,25
15622,25
16102,25
16232,25
16501,25
17001,25
17002,25
17202,25
17312,25
17325,25
17326,25
18103,25
18104,25
18201,25
18202,25
18452,25
18495,25
18496,25
18503,25
18504,25
18624,25
19053,25
19054,25
22639,25
30123,25
31518,25
31765,25
31766,25
31818,25
33516,25
33527,25
33529,25
33531,25
33534,25
36812,25
37742,25
37754,25
37758,25
38401,25
38403,25
38405,25
38409,25
38413,25
38419,25
51815,25
51816,25
51831,25
51832,25
52469,25
53021,25
53022,25
53214,25
54006,25
54007,25
54008,25
54009,25
54024,25
54031,25
54032,25
54034,25
54049,25
54050,25
54293,25
55025,25
55026,25
55027,25
55028,25
55034,25
55222,25
56109,25
56391,25
56392,25
56811,25
56812,25
56829,25
56830,25
56841,25
56842,25
57642,25
58503,25
58504,25
59225,25
59226,25
59319,25
59320,25
59727,25
59730,25
63205,25
63280,25
63283,25
63284,25
66300,25
66301,25
66302,25
66303,25
66307,25
66308,25
67297,25
67298,25
68749,25
68750,25
74201,25
74202,25
75111,25
75112,25
76852,25
76853,25
76854,25
77292,25
77294,25
96336,25
11059,24
11060,24
11080,24
11091,24
11092,24
1119,24
1120,24
12151,24
12163,24
12191,24
12192,24
12473,24
12619,24
12663,24
12664,24
12670,24
12765,24
12766,24
12798,24
12835,24
12890,24
13147,24
13148,24
13239,24
13240,24
13243,24
13244,24
13429,24
13430,24
13509,24
14164,24
15023,24
15024,24
15267,24
16021,24
16101,24
16217,24
16218,24
16231,24
17201,24
17311,24
17315,24
17323,24
17324,24
17687,24
17688,24
18009,24
18010,24
18205,24
18206,24
18419,24
18420,24
18451,24
19225,24
19226,24
19325,24
19326,24
19579,24
19580,24
19659,24
19660,24
20815,24
20816,24
22451,24
22452,24
22602,24
22825,24
22826,24
22848,24
22877,24
22878,24
22909,24
22910,24
30612,24
31534,24
31601,24
31602,24
31612,24
31613,24
31614,24
31615,24
31616,24
31617,24
31621,24
31622,24
31624,24
31627,24
31629,24
31631,24
31632,24
31633,24
31634,24
31862,24
33524,24
33528,24
33538,24
33801,24
33802,24
33815,24
33818,24
33821,24
33822,24
33823,24
33824,24
33826,24
33827,24
33828,24
33829,24
33830,24
33831,24
33834,24
33835,24
33837,24
33838,24
33839,24
33840,24
33841,24
33842,24
33843,24
33845,24
33846,24
33849,24
33850,24
33851,24
33853,24
33860,24
33863,24
34813,24
34814,24
34817,24
34818,24
34819,24
34820,24
34821,24
34823,24
34824,24
34825,24
34826,24
34827,24
34828,24
34830,24
34831,24
34834,24
34835,24
34836,24
34837,24
34838,24
34839,24
34840,24
34841,24
34842,24
34843,24
34844,24
34845,24
34846,24
34847,24
34848,24
34852,24
34853,24
34854,24
34859,24
34860,24
36082,24
36083,24
36084,24
36085,24
36086,24
36087,24
37743,24
37757,24
38402,24
38404,24
38406,24
38408,24
38410,24
38411,24
38412,24
38414,24
38416,24
38421,24
38423,24
38425,24
38431,24
38437,24
38447,24
38449,24
38451,24
38452,24
38453,24
38454,24
38455,24
38456,24
38823,24
38827,24
43434,24
4771,24
4772,24
51405,24
51406,24
51412,24
51441,24
51442,24
51905,24
53349,24
53350,24
53611,24
53612,24
54057,24
54058,24
54060,24
54391,24
54392,24
54556,24
54631,24
54813,24
55002,24
55033,24
55123,24
55163,24
55164,24
55208,24
55221,24
55707,24
55708,24
56823,24
56824,24
57435,24
58701,24
58702,24
59230,24
59803,24
59804,24
63254,24
63262,24
63285,24
64105,24
64110,24
64114,24
64553,24
64554,24
67262,24
69110,24
74022,24
74023,24
74025,24
74026,24
74839,24
74840,24
74843,24
74844,24
75007,24
75008,24
75011,24
75113,24
75114,24
77231,24
8061,24
8062,24
97002,24
97004,24
97006,24
97008,24
97010,24
97011,24
97014,24
97015,24
97016,24
97017,24
97018,24
97019,24
97020,24
97021,24
97022,24
97024,24
97025,24
97027,24
97030,24
97031,24
97032,24
97034,24
97036,24
97037,24
97038,24
97039,24
97040,24
97041,24
97044,24
97047,24
97048,24
97049,24
97052,24
97053,24
97054,24
97055,24
97057,24
97058,24
97059,24
97060,24
97061,24
97062,24
97065,24
97066,24
97067,24
97068,24
97069,24
97070,24
97071,24
97074,24
97075,24
97076,24
97078,24
97079,24
97080,24
97081,24
97082,24
97083,24
97084,24
97085,24
97088,24
97089,24
97090,24
97091,24
97093,24
97095,24
97096,24
97100,24
97101,24
97102,24
97103,24
97104,24
97105,24
97106,24
97108,24
97111,24
97112,24
97113,24
97114,24
97117,24
97119,24
97122,24
97124,24
97125,24
97127,24
97128,24
97129,24
97133,24
97136,24
97139,24
97142,24
97144,24
97146,24
97147,24
97149,24
97151,24
97153,24
11055,23
11056,23
11101,23
11102,23
12152,23
12203,23
12204,23
12315,23
12316,23
12317,23
12318,23
12351,23
12352,23
12415,23
12421,23
12422,23
12503,23
12504,23
12525,23
12526,23
12569,23
12570,23
12733,23
12734,23
12989,23
12990,23
14003,23
14004,23
14623,23
14624,23
15015,23
15016,23
15052,23
15063,23
15064,23
15065,23
15066,23
15268,23
16022,23
16341,23
16779,23
16780,23
16855,23
16856,23
16861,23
16862,23
17063,23
17064,23
17213,23
17214,23
17221,23
17222,23
17615,23
17616,23
17652,23
19021,23
19022,23
22473,23
22474,23
22601,23
22815,23
22816,23
22818,23
22847,23
22937,23
22938,23
22939,23
22940,23
22969,23
22970,23
30111,23
30314,23
30317,23
31531,23
31611,23
31623,23
31630,23
31636,23
31829,23
31861,23
33812,23
33813,23
33819,23
33825,23
33832,23
33833,23
33836,23
33844,23
33847,23
33848,23
33852,23
33855,23
33857,23
33858,23
33861,23
34715,23
34720,23
34721,23
34722,23
34723,23
34724,23
34726,23
34727,23
34729,23
34730,23
34731,23
34732,23
34734,23
34736,23
34737,23
34738,23
34740,23
34741,23
34742,23
34743,23
34744,23
34745,23
34746,23
34749,23
34791,23
34851,23
34856,23
37361,23
37362,23
37363,23
37364,23
37365,23
37366,23
37367,23
37368,23
37371,23
37373,23
37374,23
37375,23
37376,23
37378,23
37379,23
38427,23
38433,23
52470,23
53047,23
53048,23
53345,23
53346,23
54005,23
54211,23
54212,23
54307,23
54308,23
54395,23
54396,23
54423,23
54424,23
54794,23
55017,23
55018,23
55514,23
55533,23
55534,23
55553,23
55554,23
55556,23
55560,23
55725,23
55726,23
55903,23
55904,23
56111,23
56112,23
56656,23
56839,23
56840,23
56845,23
56846,23
57255,23
57256,23
57601,23
57657,23
57658,23
58163,23
58164,23
58423,23
58424,23
58435,23
58436,23
59046,23
59229,23
59297,23
59298,23
59805,23
63550,23
64091,23
64563,23
64564,23
68003,23
68004,23
69109,23
69111,23
69112,23
69169,23
69189,23
69190,23
73035,23
73036,23
74991,23
74992,23
75207,23
75225,23
75226,23
76845,23
76846,23
77248,23
77291,23
77602,23
77679,23
77680,23
77681,23
77682,23
78103,23
78104,23
97029,23
11403,22
11404,22
12147,22
12148,22
12164,22
12181,22
12182,22
12217,22
12218,22
12381,22
12382,22
12414,22
12416,22
12423,22
12424,22
12467,22
12468,22
12489,22
12490,22
12491,22
12492,22
12561,22
12603,22
12620,22
12624,22
12693,22
12694,22
12777,22
12778,22
12797,22
128,22
12987,22
12988,22
13137,22
13138,22
13167,22
13168,22
13185,22
13331,22
13332,22
13510,22
14609,22
14610,22
15051,22
15279,22
15280,22
16315,22
16316,22
16342,22
16343,22
16344,22
16515,22
16516,22
17319,22
17320,22
18207,22
18208,22
19805,22
19806,22
20809,22
20810,22
22405,22
22406,22
22421,22
22422,22
22443,22
22444,22
22531,22
22532,22
22611,22
22612,22
22843,22
22844,22
22927,22
22955,22
22956,22
31814,22
31833,22
33816,22
33820,22
33854,22
33859,22
34719,22
34725,22
34733,22
34815,22
34816,22
34832,22
34833,22
34849,22
34850,22
34855,22
36081,22
36088,22
37372,22
37826,22
37841,22
37844,22
42801,22
42802,22
42804,22
43912,22
47149,22
47150,22
47151,22
47152,22
47153,22
47154,22
47155,22
47156,22
47157,22
47158,22
47159,22
47160,22
47161,22
47162,22
47163,22
47164,22
47165,22
47166,22
47167,22
47169,22
47170,22
47171,22
47173,22
47174,22
47175,22
47176,22
47177,22
47178,22
47179,22
47180,22
47181,22
47182,22
47183,22
47184,22
47185,22
47186,22
47187,22
47188,22
47189,22
47190,22
47191,22
47192,22
47193,22
47194,22
47198,22
47203,22
47207,22
47210,22
47211,22
47212,22
47213,22
47214,22
47215,22
47216,22
47217,22
47218,22
47219,22
47220,22
4831,22
4832,22
50101,22
50102,22
51431,22
53027,22
53028,22
53073,22
53074,22
53405,22
53406,22
54353,22
54793,22
54819,22
54820,22
55035,22
55036,22
55077,22
55078,22
55125,22
55126,22
55127,22
55128,22
55129,22
55130,22
55133,22
55134,22
55211,22
55229,22
55230,22
55333,22
55334,22
55341,22
55342,22
55677,22
55678,22
55801,22
55802,22
55809,22
55810,22
56110,22
56232,22
56237,22
56241,22
56242,22
56361,22
56364,22
56655,22
56663,22
56664,22
56843,22
56844,22
56873,22
56874,22
56875,22
56876,22
56877,22
56878,22
56915,22
56916,22
57451,22
57452,22
58425,22
58426,22
58601,22
58602,22
58621,22
58622,22
59203,22
59204,22
59235,22
59236,22
59422,22
59423,22
59806,22
63206,22
63549,22
64113,22
64221,22
64222,22
64901,22
64902,22
66602,22
66603,22
66608,22
66609,22
68685,22
68690,22
69141,22
69142,22
71903,22
71904,22
71907,22
71908,22
74645,22
75003,22
75004,22
75009,22
75101,22
75102,22
75107,22
75208,22
76551,22
76552,22
77418,22
77693,22
82651,22
82652,22
82653,22
97201,22
97202,22
97203,22
97204,22
97205,22
97206,22
97207,22
97208,22
97209,22
97210,22
97211,22
97213,22
97214,22
97215,22
97216,22
97217,22
97218,22
97219,22
97220,22
97221,22
97222,22
97223,22
97224,22
97225,22
97226,22
97227,22
97228,22
97229,22
97230,22
97231,22
97232,22
97233,22
97236,22
97238,22
97239,22
97240,22
97241,22
97242,22
97243,22
97244,22
97245,22
97246,22
97248,22
97249,22
97250,22
97251,22
97252,22
97253,22
97255,22
97256,22
97258,22
11003,21
11004,21
11103,21
11104,21
12161,21
12162,21
12361,21
12362,21
12367,21
12368,21
12413,21
12455,21
12456,21
12545,21
12546,21
12553,21
12554,21
12562,21
12604,21
12623,21
12695,21
12696,21
12719,21
12720,21
12727,21
12728,21
12737,21
12738,21
12741,21
12803,21
12804,21
12805,21
12806,21
12829,21
12830,21
12845,21
12846,21
12873,21
12874,21
12981,21
12982,21
13071,21
13072,21
13186,21
13241,21
13242,21
14523,21
14524,21
14555,21
14556,21
14681,21
14682,21
14711,21
14712,21
15055,21
15056,21
15115,21
15116,21
15619,21
15620,21
17011,21
17211,21
17212,21
17255,21
17256,21
17401,21
17402,21
17625,21
17639,21
17640,21
17651,21
18204,21
18410,21
18625,21
18626,21
19025,21
19026,21
19407,21
19408,21
22127,21
22128,21
22415,21
22416,21
22817,21
22859,21
22860,21
22879,21
22880,21
22959,21
22960,21
30152,21
30154,21
30312,21
30313,21
31311,21
31312,21
31313,21
31314,21
31315,21
31316,21
31317,21
31318,21
31319,21
31321,21
31322,21
31323,21
31324,21
31325,21
31326,21
31327,21
31328,21
31329,21
31330,21
31331,21
31332,21
31333,21
31334,21
31335,21
31336,21
31338,21
31339,21
31628,21
31819,21
31863,21
31866,21
33814,21
33817,21
34713,21
34716,21
34717,21
34718,21
34728,21
34735,21
34739,21
34747,21
34748,21
34750,21
34751,21
34752,21
34753,21
34754,21
34755,21
34757,21
34794,21
34857,21
37311,21
37312,21
37313,21
37314,21
37315,21
37316,21
37317,21
37318,21
37319,21
37321,21
37323,21
37324,21
37325,21
37326,21
37327,21
37328,21
37329,21
37330,21
37331,21
37332,21
37333,21
37334,21
37335,21
37336,21
37337,21
37338,21
37339,21
37340,21
37341,21
37342,21
37343,21
37344,21
37345,21
37346,21
37347,21
37348,21
37349,21
37350,21
37351,21
37352,21
37354,21
37835,21
38053,21
38303,21
38407,21
38905,21
38908,21
38909,21
38923,21
38924,21
42401,21
42402,21
42403,21
42406,21
42407,21
42408,21
42409,21
42411,21
42412,21
42413,21
42414,21
42416,21
42417,21
42419,21
42420,21
42422,21
42423,21
43901,21
43902,21
43903,21
43904,21
4851,21
4852,21
51432,21
52934,21
53045,21
53404,21
53624,21
54263,21
54264,21
54265,21
54266,21
54341,21
54342,21
54371,21
54372,21
54373,21
54374,21
54465,21
54466,21
54835,21
54836,21
55029,21
55030,21
55071,21
55072,21
55073,21
55080,21
55082,21
55225,21
55811,21
55812,21
56238,21
56265,21
56266,21
56267,21
56268,21
57122,21
57239,21
57602,21
58415,21
58416,21
58659,21
58660,21
59024,21
59211,21
59212,21
59421,21
59424,21
63237,21
63260,21
63591,21
63592,21
64089,21
64090,21
64092,21
64101,21
64102,21
64103,21
6412,21
64151,21
64152,21
64551,21
64905,21
6579,21
6580,21
66026,21
66028,21
66036,21
67277,21
67278,21
69117,21
69118,21
69119,21
69120,21
74646,21
77203,21
77204,21
77241,21
77419,21
77605,21
77672,21
77694,21
10103,20
10104,20
10111,20
10112,20
11067,20
11068,20
11081,20
11205,20
11206,20
11703,20
11704,20
12159,20
12160,20
12193,20
12194,20
12327,20
12328,20
12369,20
12370,20
12495,20
12496,20
12690,20
12707,20
12708,20
12742,20
12869,20
12879,20
12880,20
12915,20
12916,20
12959,20
12960,20
12971,20
12972,20
13145,20
13146,20
13225,20
13226,20
13319,20
13320,20
14036,20
14041,20
14042,20
14085,20
14086,20
15011,20
15012,20
15029,20
15030,20
15037,20
15038,20
15547,20
15548,20
15605,20
15606,20
15771,20
15772,20
16517,20
16518,20
16565,20
16566,20
16793,20
16794,20
17012,20
17617,20
17618,20
18203,20
18213,20
18214,20
18301,20
18302,20
18409,20
18519,20
18520,20
18613,20
18614,20
19403,20
19404,20
19573,20
19574,20
19575,20
19576,20
22111,20
22112,20
22603,20
22604,20
22652,20
22662,20
22849,20
22850,20
22888,20
22967,20
22968,20
31620,20
31826,20
31864,20
31865,20
33681,20
33682,20
33685,20
33686,20
33687,20
33688,20
34714,20
34858,20
37320,20
37611,20
37614,20
38056,20
38302,20
38304,20
38306,20
38307,20
38308,20
38312,20
38314,20
38318,20
38321,20
38601,20
42421,20
43701,20
43702,20
43703,20
43704,20
43705,20
43706,20
43707,20
43708,20
43709,20
43710,20
43711,20
43715,20
51293,20
51318,20
51807,20
51811,20
51812,20
52935,20
52940,20
52941,20
53012,20
53018,20
53036,20
53046,20
53231,20
53232,20
53623,20
54001,20
54002,20
54311,20
54312,20
54335,20
54336,20
54571,20
54572,20
54646,20
55135,20
55136,20
55226,20
55555,20
55701,20
55702,20
55703,20
55704,20
55727,20
55728,20
55729,20
55730,20
55769,20
55770,20
5619,20
5620,20
56231,20
56277,20
56278,20
56605,20
56652,20
56653,20
56657,20
56665,20
56666,20
56767,20
56768,20
56821,20
56822,20
57456,20
58221,20
58222,20
58224,20
58815,20
58816,20
59023,20
59045,20
59161,20
59162,20
59233,20
59234,20
59835,20
59836,20
6042,20
6048,20
6050,20
63238,20
63263,20
63279,20
63286,20
63567,20
63568,20
63571,20
63572,20
64514,20
64515,20
64516,20
64517,20
64518,20
64567,20
64568,20
64595,20
64596,20
67256,20
67257,20
68089,20
68090,20
69101,20
69102,20
69107,20
69108,20
69113,20
69114,20
69115,20
69161,20
74961,20
74962,20
74963,20
74964,20
75103,20
75104,20
75232,20
75237,20
75713,20
75714,20
77206,20
77604,20
79305,20
79306,20
79309,20
79310,20
79313,20
79314,20
79317,20
79318,20
9011,20
9012,20
11025,19
11026,19
11082,19
12149,19
12150,19
12257,19
12258,19
12355,19
12356,19
12407,19
12408,19
12431,19
12432,19
12487,19
12488,19
12609,19
12610,19
12689,19
12749,19
12750,19
12763,19
12764,19
12767,19
12768,19
12817,19
12818,19
12862,19
12870,19
12897,19
12898,19
12929,19
12930,19
12947,19
12948,19
12955,19
12956,19
12961,19
12962,19
12995,19
12996,19
13043,19
13044,19
13155,19
13156,19
14035,19
14319,19
14320,19
14519,19
14520,19
15047,19
15048,19
15101,19
15102,19
15283,19
15284,19
15713,19
15714,19
15765,19
15766,19
16303,19
16304,19
16853,19
16854,19
16857,19
16858,19
17407,19
17408,19
17412,19
17626,19
19107,19
19108,19
19119,19
19120,19
19307,19
19308,19
19309,19
19310,19
22131,19
22132,19
22151,19
22152,19
22191,19
22192,19
22481,19
22482,19
22651,19
22661,19
22831,19
22832,19
22833,19
22834,19
22845,19
22846,19
22871,19
22872,19
22887,19
30112,19
30353,19
31839,19
33311,19
33312,19
33313,19
33314,19
33315,19
33316,19
33317,19
33318,19
33319,19
33320,19
33321,19
33323,19
33325,19
34711,19
34712,19
34811,19
38602,19
38821,19
42851,19
42852,19
42854,19
43202,19
43203,19
43204,19
43205,19
43206,19
43207,19
43208,19
43209,19
43210,19
43211,19
43212,19
43213,19
43214,19
43215,19
43217,19
43218,19
43219,19
43220,19
43221,19
43223,19
43224,19
43225,19
43226,19
43228,19
43229,19
43230,19
43231,19
43232,19
43233,19
43234,19
43235,19
43236,19
43237,19
43238,19
43239,19
43241,19
43242,19
43243,19
43244,19
43245,19
43246,19
43248,19
43250,19
43252,19
43254,19
43256,19
43258,19
43260,19
51317,19
51435,19
51436,19
52252,19
52255,19
52951,19
52952,19
53010,19
53068,19
53069,19
53229,19
53401,19
53402,19
53433,19
53434,19
53435,19
53615,19
53616,19
54053,19
54054,19
54078,19
54107,19
54108,19
54281,19
55043,19
55044,19
55051,19
55052,19
55141,19
55142,19
55207,19
55213,19
55214,19
55220,19
55343,19
55344,19
55345,19
55346,19
55355,19
55356,19
55357,19
55358,19
55559,19
55565,19
55566,19
55567,19
55568,19
55734,19
55735,19
55736,19
55740,19
55743,19
55755,19
55756,19
55763,19
55803,19
55804,19
56380,19
56383,19
56610,19
56611,19
56715,19
56716,19
56911,19
56912,19
57650,19
58022,19
58109,19
58110,19
59118,19
59119,19
59121,19
59122,19
59601,19
59602,19
6041,19
6044,19
6046,19
6047,19
6049,19
6057,19
6058,19
63581,19
63582,19
63583,19
63584,19
64111,19
64464,19
64466,19
64470,19
64552,19
64957,19
64958,19
67279,19
67280,19
68006,19
68013,19
68059,19
68060,19
68088,19
68710,19
68730,19
69164,19
73011,19
73012,19
74831,19
74832,19
74909,19
74910,19
74985,19
74988,19
75013,19
75014,19
75015,19
75016,19
75211,19
75212,19
75238,19
75723,19
75724,19
75745,19
75746,19
7607,19
7608,19
76812,19
76815,19
77249,19
77264,19
77657,19
77658,19
78033,19
78034,19
78815,19
79303,19
79455,19
79456,19
8035,19
8036,19
95721,19
1011,18
11049,18
11050,18
11073,18
11405,18
11406,18
12135,18
12136,18
12215,18
12216,18
12325,18
12326,18
12353,18
12354,18
12461,18
12523,18
12524,18
12539,18
12540,18
12549,18
12550,18
12587,18
12588,18
12634,18
12661,18
12662,18
12685,18
12686,18
12723,18
12811,18
12812,18
12849,18
12850,18
12861,18
12963,18
12964,18
13011,18
13012,18
13415,18
13416,18
13419,18
13420,18
13423,18
13424,18
13501,18
13502,18
14019,18
14020,18
14021,18
14022,18
14211,18
14212,18
14615,18
14616,18
14625,18
14626,18
15719,18
15720,18
15721,18
15722,18
16183,18
16184,18
16527,18
16528,18
16571,18
16572,18
17301,18
17309,18
17310,18
17411,18
17603,18
17604,18
18240,18
19055,18
19056,18
19063,18
19064,18
19303,18
19329,18
19330,18
22149,18
22150,18
22431,18
22432,18
22649,18
22650,18
22685,18
22686,18
22697,18
22707,18
22708,18
22805,18
22806,18
22807,18
22808,18
22827,18
22828,18
22855,18
22856,18
22865,18
22866,18
22907,18
22908,18
22961,18
22962,18
22963,18
22964,18
30311,18
33271,18
36071,18
36072,18
37322,18
37651,18
37652,18
37781,18
37782,18
37783,18
37784,18
37785,18
37786,18
38305,18
38310,18
40001,18
40002,18
40003,18
40004,18
40006,18
40007,18
40008,18
40009,18
40010,18
40011,18
40012,18
40013,18
40014,18
40015,18
40016,18
40017,18
40018,18
40020,18
40022,18
40023,18
40025,18
40026,18
40027,18
40028,18
40029,18
40030,18
40031,18
40032,18
40033,18
40034,18
40035,18
40036,18
40037,18
40038,18
40039,18
40040,18
40041,18
40043,18
40045,18
40046,18
40047,18
40048,18
40049,18
40050,18
40051,18
40053,18
40054,18
40055,18
40056,18
40057,18
40058,18
40059,18
40060,18
40061,18
40062,18
40063,18
40064,18
40065,18
40066,18
40067,18
40068,18
40069,18
40070,18
40071,18
40072,18
40073,18
40075,18
40077,18
40079,18
40081,18
40083,18
40085,18
40087,18
40089,18
40091,18
40093,18
40095,18
40097,18
40099,18
40101,18
40103,18
40105,18
40107,18
40109,18
40111,18
40113,18
40115,18
40117,18
40119,18
40121,18
40123,18
40125,18
40127,18
40129,18
40131,18
40133,18
40135,18
40137,18
40139,18
40141,18
40143,18
40145,18
40147,18
40151,18
40153,18
40155,18
40157,18
40301,18
40303,18
40305,18
40307,18
40309,18
40311,18
40313,18
40315,18
40317,18
40319,18
40321,18
40323,18
40325,18
40327,18
40329,18
40331,18
40333,18
40335,18
40337,18
40339,18
40341,18
40343,18
40345,18
40347,18
40349,18
40351,18
40353,18
40355,18
40357,18
40359,18
40361,18
40363,18
40365,18
40367,18
40369,18
40371,18
40373,18
40375,18
40377,18
40379,18
40381,18
40383,18
40385,18
40387,18
40389,18
40391,18
40393,18
40395,18
40397,18
40399,18
40401,18
40403,18
40405,18
40407,18
40409,18
40411,18
40413,18
40415,18
40417,18
40419,18
40421,18
43201,18
43227,18
43240,18
43847,18
43942,18
51294,18
51703,18
51708,18
51885,18
51886,18
52241,18
52242,18
52251,18
52253,18
52254,18
52256,18
52457,18
52458,18
53009,18
53035,18
53139,18
53140,18
53230,18
53436,18
53444,18
53497,18
53498,18
54077,18
54085,18
54086,18
54231,18
54232,18
54233,18
54234,18
54282,18
54283,18
54284,18
54291,18
54292,18
54309,18
54310,18
54375,18
54376,18
54382,18
54383,18
54413,18
54414,18
54416,18
54417,18
54420,18
54421,18
54621,18
54622,18
54643,18
54644,18
54753,18
54754,18
54755,18
54756,18
55011,18
55012,18
55209,18
55337,18
55338,18
55550,18
55721,18
55722,18
55861,18
55862,18
56037,18
56307,18
56308,18
56309,18
56370,18
56375,18
56714,18
56797,18
56798,18
57307,18
57308,18
58021,18
58103,18
58104,18
58433,18
59039,18
59117,18
59120,18
59271,18
59272,18
59507,18
59508,18
6043,18
63217,18
63218,18
63232,18
63251,18
63259,18
63293,18
63294,18
63529,18
63541,18
63542,18
63543,18
64001,18
64002,18
64055,18
64095,18
64109,18
64160,18
64281,18
64282,18
64451,18
64453,18
64463,18
64533,18
64536,18
66017,18
66018,18
67248,18
67264,18
67265,18
67267,18
67272,18
67282,18
67294,18
68005,18
68011,18
68012,18
68014,18
68015,18
68016,18
68021,18
68022,18
68686,18
68688,18
68689,18
68705,18
68709,18
68721,18
68729,18
68735,18
68737,18
7016,18
73538,18
73539,18
74001,18
74002,18
74003,18
74004,18
74901,18
74902,18
74903,18
74904,18
74923,18
74931,18
74933,18
74934,18
74935,18
74936,18
74937,18
74938,18
74940,18
74986,18
75010,18
75231,18
76835,18
76836,18
77212,18
77215,18
77218,18
77237,18
77238,18
77261,18
77262,18
77269,18
77270,18
77673,18
77674,18
78534,18
78816,18
79304,18
82635,18
82654,18
11037,17
11038,17
11053,17
11054,17
11074,17
11095,17
11407,17
11408,17
12102,17
12389,17
12390,17
12460,17
12479,17
12480,17
12633,17
12702,17
12709,17
12710,17
12725,17
12726,17
12759,17
12760,17
12769,17
12770,17
12785,17
12842,17
12851,17
12852,17
12856,17
12867,17
12937,17
12938,17
12977,17
12979,17
12980,17
1301,17
1302,17
13135,17
13136,17
13305,17
13306,17
13409,17
13410,17
14803,17
14804,17
15201,17
15202,17
16306,17
16617,17
1707,17
1708,17
17302,17
17609,17
17610,17
18605,17
18606,17
18615,17
18616,17
18619,17
18620,17
19051,17
19052,17
19151,17
19152,17
19251,17
19252,17
19304,17
19311,17
19312,17
19313,17
19314,17
19321,17
19322,17
19715,17
19716,17
19717,17
19718,17
21125,17
21126,17
22103,17
22104,17
22143,17
22144,17
22430,17
22698,17
22809,17
22810,17
22873,17
22928,17
22943,17
22944,17
2845,17
2846,17
30351,17
30552,17
33651,17
33652,17
33653,17
33654,17
33655,17
33656,17
33657,17
33658,17
33659,17
33660,17
33664,17
33666,17
33811,17
33856,17
34501,17
34502,17
34511,17
34513,17
34514,17
34515,17
34517,17
34518,17
34519,17
34520,17
34521,17
34522,17
34523,17
34524,17
34525,17
34526,17
34527,17
34528,17
34529,17
34530,17
34531,17
34532,17
34533,17
34534,17
34535,17
34536,17
34538,17
34539,17
34540,17
34541,17
34542,17
34543,17
34545,17
34546,17
34547,17
34548,17
34549,17
34550,17
34552,17
34553,17
34554,17
34557,17
34822,17
34829,17
34881,17
34882,17
37201,17
37202,17
37211,17
37212,17
37213,17
37214,17
37215,17
37216,17
37217,17
37218,17
37219,17
37220,17
37221,17
37222,17
37223,17
37224,17
37225,17
37226,17
37227,17
37228,17
37229,17
37230,17
37231,17
37232,17
37233,17
37234,17
37235,17
37236,17
37237,17
37238,17
37239,17
37240,17
37241,17
37242,17
37243,17
37244,17
37245,17
37246,17
37247,17
37248,17
37249,17
37250,17
37251,17
37252,17
37253,17
37254,17
37255,17
37256,17
37257,17
37258,17
37259,17
37260,17
37261,17
37262,17
37263,17
37264,17
37265,17
37266,17
37267,17
37268,17
37269,17
37270,17
37271,17
37272,17
37273,17
37274,17
37275,17
37276,17
37277,17
37278,17
37279,17
37280,17
37281,17
37282,17
37283,17
37284,17
37285,17
37286,17
37287,17
37288,17
37289,17
37290,17
37291,17
37307,17
37308,17
38301,17
38701,17
38902,17
42601,17
42602,17
42603,17
42604,17
42605,17
42606,17
42607,17
42608,17
43792,17
43841,17
43851,17
43932,17
43938,17
43941,17
47197,17
47199,17
47200,17
47201,17
47202,17
47206,17
47208,17
47209,17
4735,17
4736,17
51437,17
51438,17
51461,17
51607,17
51608,17
51609,17
51610,17
51704,17
51705,17
51706,17
52461,17
52462,17
52929,17
52930,17
52933,17
52944,17
52945,17
52946,17
53005,17
53013,17
53014,17
53017,17
54037,17
54038,17
54039,17
54040,17
54041,17
54042,17
54048,17
54273,17
54274,17
54381,17
54384,17
54612,17
54613,17
54614,17
54615,17
54616,17
54625,17
54626,17
54759,17
55009,17
55010,17
55115,17
55116,17
55331,17
55332,17
55549,17
55817,17
55818,17
56038,17
56115,17
56116,17
56263,17
56264,17
56371,17
56376,17
56388,17
56507,17
56508,17
56509,17
56510,17
56721,17
56722,17
56723,17
56724,17
56725,17
56726,17
56796,17
56799,17
56800,17
56801,17
56802,17
56803,17
57317,17
57320,17
58434,17
58843,17
58844,17
58845,17
58846,17
58847,17
58848,17
58877,17
58878,17
59387,17
59388,17
59711,17
59712,17
59728,17
59729,17
63220,17
63245,17
63246,17
63252,17
63530,17
63544,17
64052,17
64053,17
64057,17
64087,17
64235,17
64236,17
64481,17
64531,17
64532,17
64541,17
64542,17
64543,17
64906,17
64911,17
64912,17
64913,17
64914,17
64915,17
64916,17
64931,17
64932,17
66309,17
66310,17
66511,17
66532,17
66543,17
67247,17
67266,17
68713,17
68714,17
68715,17
68716,17
68736,17
68741,17
68742,17
68743,17
68744,17
69191,17
69192,17
7075,17
7076,17
71092,17
74011,17
74012,17
74614,17
74615,17
74625,17
74626,17
74627,17
74628,17
74629,17
74630,17
74671,17
74672,17
74951,17
74952,17
74953,17
74954,17
75271,17
75272,17
75273,17
75274,17
76847,17
76848,17
76849,17
76850,17
77293,17
77297,17
77603,17
77606,17
77610,17
77613,17
77614,17
77617,17
77618,17
77671,17
77675,17
77678,17
79437,17
79438,17
8063,17
8065,17
8872,17
93103,17
95702,17
95711,17
95743,17
97012,17
97023,17
97026,17
97028,17
97035,17
97043,17
97045,17
97050,17
97063,17
97072,17
97087,17
97092,17
97098,17
97107,17
97110,17
97115,17
97120,17
97121,17
97123,17
97126,17
97132,17
97134,17
97135,17
97137,17
97138,17
97141,17
97143,17
97145,17
97155,17
97301,17
97302,17
97303,17
97304,17
97305,17
97306,17
97307,17
97308,17
97309,17
97310,17
97311,17
97312,17
97313,17
97314,17
97315,17
97316,17
97317,17
97318,17
97319,17
97320,17
97321,17
97322,17
97323,17
97324,17
97325,17
97326,17
97327,17
97328,17
97329,17
97330,17
97331,17
97332,17
97333,17
97334,17
97335,17
97336,17
97337,17
97338,17
97339,17
97340,17
97341,17
97342,17
97343,17
97344,17
97345,17
97346,17
97347,17
97348,17
97349,17
97350,17
97351,17
97352,17
97353,17
97354,17
97355,17
97356,17
97357,17
97358,17
97359,17
97360,17
97361,17
97362,17
97363,17
97364,17
97365,17
97366,17
97367,17
97368,17
97369,17
97370,17
97371,17
97372,17
97373,17
97374,17
97376,17
97377,17
97378,17
97379,17
97380,17
97381,17
97382,17
97383,17
97385,17
97386,17
97387,17
97388,17
97389,17
97390,17
97391,17
97392,17
97393,17
97394,17
97395,17
97396,17
97397,17
97398,17
97399,17
97400,17
97401,17
97402,17
97403,17
97404,17
97405,17
97407,17
97408,17
97411,17
97412,17
97413,17
97414,17
97416,17
97417,17
97418,17
97419,17
97421,17
97422,17
97423,17
97425,17
97426,17
97427,17
97428,17
97431,17
97432,17
97433,17
97434,17
97435,17
97436,17
97437,17
97438,17
97439,17
97440,17
97441,17
99801,17
99802,17
99803,17
99804,17
99805,17
99806,17
99807,17
99808,17
99809,17
99810,17
99811,17
99812,17
99813,17
99815,17
99816,17
99817,17
99818,17
99819,17
99820,17
99821,17
99822,17
99824,17
99825,17
99826,17
99827,17
99828,17
99829,17
99830,17
99831,17
99833,17
99834,17
99835,17
99836,17
11011,16
11012,16
11096,16
11701,16
11702,16
12101,16
12165,16
12166,16
12207,16
12208,16
12231,16
12232,16
12419,16
12420,16
12462,16
12533,16
12541,16
12542,16
12557,16
12558,16
12632,16
12701,16
12724,16
12731,16
12732,16
12773,16
12774,16
12786,16
12822,16
12855,16
12868,16
12891,16
12892,16
12893,16
12894,16
12911,16
12912,16
13121,16
13122,16
13159,16
13160,16
13417,16
13418,16
14114,16
14207,16
14208,16
14315,16
14316,16
15005,16
15006,16
15009,16
15104,16
15106,16
16089,16
16090,16
16175,16
16176,16
16305,16
16519,16
17023,16
17215,16
17216,16
17235,16
17236,16
17317,16
17318,16
18303,16
18304,16
19327,16
19328,16
20501,16
20502,16
2191,16
2192,16
22135,16
22136,16
22356,16
22387,16
22388,16
22411,16
22412,16
22423,16
22424,16
22801,16
22853,16
22854,16
22867,16
22868,16
22874,16
22893,16
22894,16
22901,16
22902,16
22941,16
22942,16
22957,16
22989,16
22990,16
30452,16
31625,16
31831,16
31840,16
34512,16
34516,16
34537,16
34544,16
34551,16
34898,16
34899,16
38202,16
38204,16
38316,16
42001,16
42003,16
42004,16
42005,16
42006,16
42008,16
42009,16
42010,16
42011,16
42013,16
42014,16
42015,16
42016,16
42017,16
42018,16
42019,16
42020,16
42021,16
42022,16
42023,16
42025,16
42027,16
42028,16
42029,16
42031,16
42032,16
42033,16
42034,16
42035,16
42036,16
42037,16
42038,16
42039,16
42040,16
42041,16
42042,16
42043,16
42044,16
42045,16
42046,16
42404,16
43821,16
43842,16
43934,16
4773,16
51196,16
51253,16
51347,16
51451,16
51452,16
51462,16
51463,16
51464,16
51906,16
52075,16
52076,16
52230,16
52234,16
52257,16
52258,16
52259,16
52260,16
53006,16
53015,16
53016,16
53371,16
53372,16
53373,16
53374,16
53441,16
53442,16
53443,16
53445,16
53446,16
54059,16
54103,16
54104,16
54329,16
54330,16
54611,16
54760,16
54761,16
54762,16
55037,16
55041,16
55081,16
55513,16
55519,16
55520,16
56269,16
56270,16
56317,16
56318,16
56600,16
56601,16
57502,16
57503,16
57557,16
57558,16
57690,16
59357,16
59358,16
61631,16
61632,16
63249,16
63561,16
63562,16
63563,16
63564,16
63570,16
64011,16
64012,16
64013,16
64014,16
64015,16
64016,16
64017,16
64051,16
64073,16
64074,16
64153,16
64156,16
64157,16
64214,16
64216,16
64253,16
64255,16
66025,16
66027,16
66033,16
66034,16
66035,16
66512,16
66523,16
66524,16
66529,16
66544,16
67249,16
67250,16
67271,16
67275,16
67276,16
68071,16
71402,16
71404,16
7146,16
74015,16
74016,16
74673,16
74674,16
74675,16
74676,16
74924,16
75209,16
75210,16
75228,16
75229,16
75729,16
75730,16
76825,16
76826,16
78801,16
78802,16
78803,16
78804,16
78805,16
78806,16
78809,16
78810,16
78821,16
78822,16
79454,16
8064,16
95707,16
95709,16
97444,16
97445,16
97446,16
99814,16
99832,16
12069,15
12070,15
12081,15
12082,15
12116,15
12185,15
12186,15
12187,15
12188,15
12225,15
12226,15
12357,15
12358,15
12379,15
12380,15
12395,15
12396,15
12397,15
12398,15
12459,15
12481,15
12482,15
12498,15
12534,15
12537,15
12538,15
12555,15
12556,15
12631,15
12651,15
12652,15
12654,15
12747,15
12748,15
12783,15
12784,15
12821,15
12828,15
12841,15
12877,15
12878,15
12983,15
12984,15
12991,15
12992,15
13017,15
13018,15
13154,15
13165,15
13166,15
13233,15
13234,15
13465,15
13466,15
13507,15
13508,15
14013,15
14014,15
14096,15
14113,15
14115,15
14116,15
14123,15
14124,15
14125,15
14126,15
14525,15
14526,15
14713,15
14714,15
15021,15
15022,15
15103,15
15463,15
15464,15
16085,15
16520,15
16569,15
16570,15
16618,15
17013,15
17014,15
17025,15
17026,15
18211,15
18212,15
19571,15
19572,15
22181,15
22182,15
22403,15
22404,15
22429,15
22455,15
22456,15
22613,15
22614,15
22691,15
22692,15
22892,15
22933,15
22934,15
22951,15
22952,15
22993,15
22994,15
24227,15
24228,15
30357,15
30358,15
31412,15
31413,15
31414,15
31415,15
31416,15
31417,15
31418,15
31420,15
31421,15
31422,15
31423,15
31424,15
31425,15
31426,15
31427,15
31428,15
31429,15
31430,15
31431,15
31432,15
31433,15
31434,15
31435,15
31436,15
31437,15
31438,15
31439,15
31440,15
31441,15
31442,15
31443,15
31444,15
31445,15
31446,15
31447,15
31448,15
31449,15
31450,15
31451,15
31471,15
33895,15
33896,15
34555,15
34812,15
35017,15
35018,15
37612,15
40019,15
40705,15
40755,15
42002,15
42012,15
42651,15
42652,15
42653,15
42654,15
42655,15
42656,15
42657,15
42702,15
43520,15
43751,15
43752,15
43753,15
43754,15
43755,15
43757,15
43806,15
43943,15
43952,15
5065,15
5066,15
51195,15
51423,15
51424,15
52073,15
52074,15
52173,15
52174,15
52229,15
52231,15
52232,15
52233,15
53011,15
53020,15
53447,15
53448,15
53449,15
53450,15
54575,15
54576,15
55212,15
55215,15
55216,15
55689,15
55690,15
55733,15
55741,15
55742,15
55744,15
55764,15
55893,15
55894,15
56886,15
57447,15
57517,15
57518,15
57628,15
58033,15
58034,15
58133,15
58134,15
58201,15
58202,15
58210,15
58212,15
58223,15
5863,15
5864,15
59396,15
59473,15
59474,15
59833,15
59834,15
6002,15
63253,15
63271,15
63272,15
63547,15
63593,15
63594,15
64019,15
64106,15
64108,15
64260,15
64951,15
64952,15
66041,15
66048,15
66514,15
66600,15
66601,15
67295,15
68097,15
68098,15
68719,15
68727,15
68728,15
68731,15
68732,15
68733,15
68734,15
68738,15
71909,15
71910,15
74027,15
74028,15
7425,15
7426,15
7436,15
74932,15
74965,15
74966,15
74967,15
74968,15
74969,15
74970,15
75749,15
75750,15
76553,15
76554,15
76833,15
76834,15
77202,15
77242,15
77415,15
78101,15
78102,15
79433,15
79434,15
79435,15
79436,15
82606,15
82665,15
82666,15
8301,15
8302,15
8573,15
8574,15
8617,15
8618,15
97042,15
97051,15
97064,15
97077,15
97097,15
97116,15
97131,15
97140,15
97148,15
97212,15
97234,15
97235,15
97237,15
97247,15
97254,15
97260,15
11063,14
11064,14
1122,14
11265,14
11266,14
11309,14
11310,14
11423,14
11424,14
11651,14
11652,14
12023,14
12024,14
12057,14
12058,14
12111,14
12112,14
12115,14
12133,14
12134,14
12141,14
12143,14
12144,14
12179,14
12180,14
12195,14
12196,14
12211,14
12212,14
12443,14
12444,14
12449,14
12450,14
12457,14
12458,14
12469,14
12470,14
12497,14
12517,14
12518,14
12629,14
12630,14
12653,14
12677,14
12678,14
12683,14
12684,14
12692,14
12697,14
12698,14
12705,14
12706,14
12711,14
12712,14
12757,14
12758,14
12771,14
12772,14
12827,14
12837,14
12838,14
12901,14
12902,14
12913,14
12914,14
12921,14
12922,14
12946,14
13103,14
13104,14
13153,14
13157,14
13158,14
13505,14
13506,14
14095,14
14203,14
14204,14
14521,14
14522,14
14611,14
14703,14
14704,14
14717,14
14718,14
15111,14
15112,14
15601,14
15602,14
15617,14
15618,14
15767,14
15768,14
16086,14
16523,14
16524,14
16575,14
16576,14
17024,14
1705,14
1706,14
17614,14
18309,14
18310,14
22137,14
22138,14
22445,14
22446,14
22471,14
22472,14
22483,14
22484,14
22607,14
22608,14
22609,14
22610,14
22667,14
22668,14
22705,14
22706,14
22811,14
22812,14
22875,14
22876,14
22881,14
22882,14
22885,14
22886,14
22891,14
22929,14
22930,14
22971,14
22972,14
22983,14
28181,14
28182,14
2821,14
2822,14
290,14
30116,14
30511,14
33361,14
34891,14
34892,14
36031,14
36032,14
36033,14
36034,14
36035,14
36036,14
36037,14
36038,14
37511,14
37512,14
38054,14
38055,14
38105,14
38806,14
40757,14
40804,14
42301,14
42302,14
43101,14
43102,14
43103,14
43104,14
43105,14
43106,14
43107,14
43108,14
43109,14
43110,14
43111,14
43112,14
43113,14
43114,14
43115,14
43116,14
43117,14
43118,14
43119,14
43120,14
43121,14
43122,14
43124,14
43126,14
43128,14
43130,14
43132,14
43423,14
43424,14
43439,14
43518,14
43761,14
43762,14
43763,14
43764,14
43765,14
43766,14
43767,14
43768,14
43769,14
43770,14
43771,14
43773,14
43820,14
477,14
4991,14
4992,14
51881,14
51882,14
52177,14
52178,14
52235,14
52454,14
52911,14
52912,14
52913,14
52914,14
52938,14
52939,14
53037,14
53038,14
53363,14
53364,14
54051,14
54052,14
54261,14
54324,14
54401,14
54402,14
54403,14
54404,14
54405,14
54553,14
54645,14
54785,14
54786,14
55038,14
55045,14
55074,14
55217,14
55218,14
55303,14
55339,14
55354,14
55421,14
55422,14
55465,14
55466,14
55667,14
55668,14
55675,14
55676,14
55679,14
55680,14
55819,14
55820,14
56013,14
56014,14
56221,14
56222,14
56225,14
56226,14
56300,14
56301,14
56305,14
56310,14
56311,14
56313,14
56315,14
56316,14
56387,14
56393,14
56394,14
56604,14
56731,14
56732,14
56733,14
56734,14
56735,14
56736,14
56881,14
56883,14
57403,14
57404,14
57687,14
58218,14
58401,14
58402,14
58535,14
58536,14
58806,14
58808,14
59040,14
59167,14
59168,14
59823,14
59824,14
59825,14
59826,14
6001,14
6006,14
6053,14
6054,14
63219,14
63250,14
63289,14
63290,14
63291,14
63292,14
63505,14
63506,14
63507,14
63508,14
63509,14
63510,14
63511,14
63512,14
63513,14
63514,14
63515,14
63516,14
63517,14
63518,14
63519,14
63520,14
63521,14
63522,14
63523,14
63524,14
63525,14
63526,14
63531,14
63532,14
63533,14
63534,14
63536,14
63537,14
63538,14
63548,14
63569,14
64004,14
64071,14
64093,14
64094,14
64096,14
64098,14
64112,14
64209,14
64496,14
64521,14
64522,14
64523,14
64524,14
64908,14
64959,14
6512,14
6541,14
6542,14
6547,14
66008,14
66009,14
66010,14
66011,14
66015,14
66040,14
66044,14
66047,14
66515,14
66533,14
66604,14
66605,14
68001,14
68008,14
69181,14
69182,14
69187,14
69188,14
7062,14
73430,14
74019,14
74020,14
74029,14
74030,14
7432,14
7435,14
74855,14
74856,14
74939,14
74971,14
74972,14
74973,14
74974,14
74975,14
74976,14
74977,14
74978,14
74987,14
75109,14
75255,14
75256,14
75902,14
75903,14
75906,14
75907,14
7603,14
7604,14
76807,14
76808,14
77207,14
77232,14
77251,14
77252,14
77254,14
77255,14
77256,14
77601,14
77607,14
77608,14
77615,14
77616,14
77619,14
77630,14
77645,14
77649,14
77683,14
77684,14
77691,14
77695,14
77696,14
79445,14
8628,14
9433,14
9434,14
95710,14
95714,14
95715,14
95718,14
95720,14
95727,14
95728,14
95733,14
95737,14
95738,14
95741,14
95742,14
95805,14
97001,14
97003,14
97005,14
97007,14
97009,14
97099,14
97109,14
10215,13
10216,13
11075,13
11076,13
11901,13
11902,13
12103,13
12104,13
12142,13
12167,13
12168,13
12173,13
12174,13
12237,13
12238,13
12339,13
12340,13
12345,13
12346,13
12349,13
12350,13
12359,13
12360,13
12428,13
12535,13
12597,13
12598,13
12605,13
12606,13
12608,13
12640,13
12717,13
12718,13
12729,13
12730,13
12819,13
12820,13
12884,13
12885,13
12886,13
12939,13
12953,13
12954,13
14043,13
14044,13
14101,13
14102,13
14151,13
14152,13
14227,13
1442,13
14501,13
14502,13
15053,13
15054,13
15215,13
15216,13
15723,13
15724,13
16179,13
16180,13
16205,13
16206,13
1655,13
1656,13
17027,13
17028,13
17322,13
17613,13
18007,13
18008,13
18107,13
18108,13
19057,13
19058,13
20811,13
20812,13
20817,13
20818,13
22133,13
22134,13
22627,13
22628,13
22677,13
22678,13
22823,13
22824,13
22869,13
22870,13
22889,13
22890,13
22914,13
31337,13
31741,13
31742,13
31744,13
31745,13
31746,13
31747,13
31748,13
31749,13
31750,13
31751,13
31752,13
31753,13
31754,13
31755,13
31756,13
31757,13
31758,13
32411,13
32412,13
32413,13
32414,13
3301,13
3302,13
33367,13
33611,13
33612,13
33613,13
33614,13
33615,13
33616,13
33617,13
33618,13
33619,13
33620,13
33621,13
33623,13
33624,13
33626,13
33628,13
33630,13
34331,13
34332,13
34334,13
37303,13
37304,13
37305,13
37306,13
38103,13
38104,13
38106,13
38108,13
38825,13
42751,13
42752,13
43517,13
43791,13
43793,13
43795,13
43797,13
43823,13
43861,13
43872,13
43882,13
4401,13
4402,13
4419,13
4420,13
47100,13
47101,13
47102,13
47103,13
47104,13
47105,13
47106,13
47107,13
47108,13
47109,13
47110,13
47111,13
47112,13
47113,13
47114,13
47115,13
47116,13
47117,13
47118,13
47119,13
47120,13
47121,13
47122,13
47123,13
47124,13
47125,13
47126,13
47127,13
47128,13
47129,13
47130,13
47131,13
47132,13
47133,13
47134,13
47135,13
47136,13
47137,13
47138,13
47139,13
47140,13
47141,13
47142,13
47143,13
47144,13
47145,13
47146,13
47147,13
47148,13
4921,13
4922,13
51907,13
51908,13
51971,13
51972,13
52205,13
52207,13
52208,13
52221,13
52222,13
52223,13
52224,13
52226,13
52236,13
53019,13
53075,13
53076,13
53137,13
53138,13
53211,13
53212,13
53225,13
53226,13
53423,13
53424,13
53479,13
53480,13
53625,13
53626,13
53630,13
54152,13
54321,13
54322,13
54355,13
54356,13
54406,13
54555,13
54561,13
54562,13
54563,13
54564,13
54787,13
55046,13
55301,13
55302,13
55304,13
55563,13
55564,13
55571,13
55572,13
55583,13
55584,13
55909,13
55910,13
56009,13
56010,13
56201,13
56202,13
56203,13
56204,13
56207,13
56208,13
56209,13
56210,13
56517,13
56661,13
56889,13
57401,13
57402,13
57405,13
57406,13
58217,13
59048,13
59395,13
59605,13
59606,13
6065,13
6066,13
63214,13
63242,13
63247,13
63255,13
63256,13
63535,13
63545,13
63551,13
63552,13
63573,13
63574,13
64031,13
64061,13
64062,13
64064,13
64161,13
64164,13
64201,13
64202,13
64203,13
64204,13
64205,13
64206,13
64207,13
64208,13
64210,13
64211,13
64212,13
64213,13
64251,13
64252,13
64254,13
64257,13
64501,13
64502,13
64504,13
64569,13
64570,13
64593,13
64594,13
6548,13
66022,13
66534,13
68082,13
68739,13
68740,13
69105,13
69106,13
69123,13
69124,13
69125,13
69126,13
69127,13
69128,13
69129,13
69130,13
69145,13
69146,13
69147,13
69151,13
69152,13
71082,13
71089,13
71095,13
71096,13
73031,13
73032,13
73421,13
73422,13
73429,13
7431,13
74981,13
74982,13
74983,13
74984,13
75201,13
75222,13
75235,13
75236,13
77253,13
77267,13
77414,13
79413,13
79414,13
79415,13
79416,13
79417,13
79418,13
79419,13
7942,13
79420,13
79421,13
79422,13
79423,13
79424,13
79425,13
79426,13
79427,13
79428,13
82631,13
8501,13
8502,13
8627,13
95708,13
95716,13
95731,13
95732,13
95736,13
97013,13
9761,13
11001,12
11002,12
11007,12
11009,12
11047,12
11048,12
11111,12
11112,12
12075,12
12076,12
12171,12
12172,12
12209,12
12210,12
12319,12
12365,12
12366,12
12427,12
12447,12
12448,12
12531,12
12532,12
12536,12
12547,12
12548,12
12607,12
12621,12
12638,12
12639,12
12676,12
12679,12
12680,12
12739,12
12740,12
12761,12
12762,12
12823,12
12824,12
12831,12
12832,12
12883,12
12923,12
12924,12
12940,12
12943,12
12944,12
13063,12
13064,12
13113,12
13114,12
13161,12
13162,12
13249,12
13250,12
13301,12
13302,12
14109,12
14110,12
14213,12
14214,12
14219,12
14220,12
14228,12
14506,12
14811,12
14812,12
15271,12
15272,12
15815,12
15816,12
16577,12
16578,12
17321,12
18413,12
18414,12
18511,12
19411,12
19412,12
22419,12
22420,12
22477,12
22478,12
22621,12
22622,12
22626,12
22681,12
22813,12
22814,12
22839,12
22840,12
22863,12
22864,12
22919,12
22920,12
22935,12
22936,12
22991,12
22992,12
2841,12
2842,12
31320,12
31619,12
33362,12
33363,12
33364,12
33365,12
33366,12
33751,12
33752,12
37411,12
37412,12
37413,12
37414,12
37731,12
37732,12
38206,12
401,12
40712,12
42007,12
42024,12
42026,12
42030,12
43426,12
43429,12
43433,12
43437,12
43601,12
43602,12
43603,12
43604,12
43605,12
43606,12
43607,12
43608,12
43610,12
43612,12
43614,12
43616,12
43618,12
43620,12
43622,12
43794,12
47195,12
51254,12
51255,12
51256,12
51259,12
51262,12
51915,12
51916,12
52453,12
52540,12
52541,12
52942,12
52943,12
52949,12
52950,12
52955,12
52956,12
53327,12
53328,12
53627,12
53628,12
53629,12
53631,12
53632,12
54559,12
54560,12
54825,12
54826,12
5521,12
5522,12
55306,12
55308,12
55309,12
55321,12
55661,12
55662,12
55685,12
55686,12
56035,12
56036,12
56302,12
56303,12
56379,12
56382,12
56384,12
56385,12
56518,12
56612,12
56613,12
56614,12
56616,12
56617,12
56619,12
56620,12
56621,12
56703,12
56709,12
56710,12
56761,12
56762,12
56763,12
56764,12
56765,12
56766,12
56921,12
56963,12
56964,12
56965,12
56966,12
57131,12
57429,12
57430,12
57606,12
57689,12
58013,12
58014,12
58151,12
58152,12
58209,12
58653,12
58654,12
59227,12
59228,12
63546,12
64032,12
64034,12
64162,12
64589,12
64590,12
66016,12
66029,12
66030,12
66031,12
66032,12
66038,12
66039,12
66049,12
66050,12
66053,12
66530,12
66531,12
67269,12
67270,12
68074,12
69143,12
69144,12
69172,12
70101,12
70102,12
70103,12
70104,12
73213,12
73214,12
73261,12
73262,12
73263,12
73264,12
74611,12
74612,12
74631,12
74632,12
74633,12
74634,12
74635,12
74636,12
74637,12
74638,12
74639,12
74640,12
74642,12
74643,12
75202,12
75221,12
75721,12
75722,12
76505,12
76805,12
76806,12
77208,12
77222,12
77223,12
77224,12
77229,12
77240,12
77243,12
77266,12
77271,12
77272,12
77401,12
77402,12
77403,12
77404,12
78807,12
78808,12
7941,12
8511,12
8512,12
95401,12
95403,12
95405,12
95407,12
95409,12
95411,12
95413,12
95415,12
95417,12
95419,12
95421,12
95423,12
95425,12
95706,12
95729,12
95735,12
95802,12
9621,12
9622,12
96401,12
96403,12
96405,12
96407,12
96409,12
9721,12
9722,12
97501,12
97502,12
97503,12
97504,12
99823,12
99901,12
99902,12
99903,12
99904,12
99906,12
99907,12
99908,12
1045,11
11008,11
11010,11
11085,11
11086,11
11109,11
11110,11
11125,11
11126,11
12022,11
12053,11
12054,11
12067,11
12068,11
12079,11
12080,11
12107,11
12108,11
12183,11
12184,11
12197,11
12198,11
12279,11
12280,11
12283,11
12284,11
12320,11
12363,11
12364,11
12445,11
12446,11
12527,11
12565,11
12566,11
12611,11
12612,11
12622,11
12636,11
12637,11
12667,11
12668,11
12675,11
12691,11
12735,11
12736,11
12775,11
12776,11
12888,11
12896,11
12931,11
12932,11
12933,11
13027,11
13028,11
13117,11
13118,11
13329,11
13330,11
13421,11
13422,11
14119,11
14120,11
14201,11
14202,11
14205,11
14206,11
14215,11
14216,11
14505,11
14809,11
14810,11
15025,11
15026,11
15043,11
15044,11
15059,11
15060,11
15069,11
15070,11
15117,11
15235,11
15236,11
15711,11
15712,11
16204,11
16787,11
16788,11
16790,11
17413,11
17414,11
18437,11
18438,11
18512,11
19036,11
19807,11
19808,11
20651,11
20652,11
20903,11
20904,11
22121,11
22122,11
22161,11
22162,11
22165,11
22166,11
22168,11
22189,11
22190,11
22207,11
22208,11
22427,11
22428,11
22433,11
22623,11
22624,11
22625,11
22682,11
22803,11
22804,11
22821,11
22822,11
22835,11
22836,11
22857,11
22858,11
23225,11
23226,11
23347,11
23348,11
30411,11
30412,11
30413,11
30414,11
30416,11
30451,11
31618,11
33401,11
33402,11
33431,11
33432,11
33433,11
33434,11
33435,11
33436,11
33437,11
33438,11
33439,11
33440,11
33441,11
33443,11
33445,11
33447,11
33622,11
34111,11
34112,11
34113,11
34114,11
34115,11
34116,11
34117,11
34118,11
34119,11
34120,11
34121,11
34122,11
34123,11
34124,11
34125,11
34126,11
34127,11
34128,11
34129,11
34130,11
34131,11
34132,11
34133,11
34134,11
34135,11
34136,11
34137,11
34138,11
34139,11
34140,11
34141,11
34142,11
34143,11
34144,11
34145,11
34146,11
34147,11
34148,11
34149,11
34150,11
34151,11
34152,11
34153,11
34154,11
34155,11
34156,11
34157,11
34158,11
34159,11
34160,11
34161,11
34162,11
34163,11
34164,11
34165,11
34166,11
34601,11
34602,11
34611,11
34612,11
34613,11
34614,11
34615,11
34616,11
34617,11
34618,11
34619,11
34620,11
34621,11
34622,11
34623,11
34624,11
34625,11
34627,11
34628,11
34629,11
34630,11
34631,11
34632,11
34633,11
34634,11
34635,11
34636,11
34637,11
34638,11
34639,11
34640,11
34641,11
34642,11
34643,11
34644,11
34645,11
34646,11
34647,11
34648,11
37849,11
40532,11
40551,11
40560,11
40601,11
40603,11
40604,11
40605,11
40606,11
40610,11
40615,11
40618,11
40628,11
40630,11
40631,11
40640,11
40643,11
40645,11
40647,11
40655,11
40660,11
40665,11
42701,11
43001,11
43002,11
43003,11
43005,11
43006,11
43007,11
43008,11
43009,11
43011,11
43013,11
43014,11
43015,11
43016,11
43017,11
43018,11
43019,11
43020,11
43022,11
43023,11
43257,11
43401,11
43936,11
47168,11
47172,11
47204,11
47205,11
51152,11
51260,11
51261,11
51350,11
51678,11
51755,11
51756,11
52455,11
52931,11
52932,11
52947,11
52948,11
53023,11
53025,11
53026,11
53031,11
53034,11
5305,11
5306,11
54262,11
54323,11
54327,11
54328,11
54331,11
54765,11
54766,11
56033,11
56034,11
56100,11
56101,11
5613,11
56271,11
56272,11
56333,11
56334,11
56335,11
56336,11
56381,11
56646,11
56647,11
56659,11
56704,11
56859,11
56860,11
56961,11
56962,11
5719,11
5720,11
57521,11
57522,11
57605,11
57688,11
58403,11
58404,11
58405,11
58406,11
58409,11
58410,11
59101,11
59102,11
59103,11
59104,11
59205,11
59206,11
59710,11
59837,11
59838,11
59839,11
59840,11
63213,11
63235,11
63240,11
64075,11
64076,11
64077,11
64078,11
64080,11
64082,11
64084,11
64154,11
64155,11
64158,11
64165,11
64491,11
64492,11
64555,11
64556,11
66001,11
66006,11
66012,11
66014,11
66042,11
66043,11
66519,11
66520,11
67296,11
6769,11
6770,11
68053,11
68054,11
68702,11
68704,11
68708,11
69121,11
69122,11
69165,11
69166,11
69168,11
69171,11
7044,11
71403,11
71407,11
71408,11
71409,11
71410,11
71411,11
73021,11
73022,11
73427,11
73428,11
74032,11
74033,11
74036,11
74037,11
7429,11
7430,11
74644,11
7487,11
75747,11
75748,11
7644,11
76508,11
76837,11
76838,11
77213,11
77214,11
77265,11
77611,11
77612,11
78012,11
78818,11
82601,11
95801,11
95804,11
95808,11
9809,11
9810,11
99905,11
1037,10
1038,10
12001,10
12002,10
12015,10
12016,10
12019,10
12020,10
12021,10
12047,10
12048,10
12056,10
12059,10
12060,10
12061,10
12062,10
12065,10
12066,10
12077,10
12078,10
12083,10
12084,10
12085,10
12086,10
12109,10
12110,10
12117,10
12118,10
12153,10
12154,10
12155,10
12156,10
12377,10
12378,10
12433,10
12434,10
12441,10
12442,10
12493,10
12494,10
12501,10
12502,10
12529,10
12530,10
12635,10
12887,10
12895,10
12917,10
12918,10
12934,10
12935,10
12936,10
12957,10
12958,10
13187,10
13188,10
13303,10
13304,10
14117,10
14118,10
14371,10
14372,10
14503,10
14504,10
14601,10
14602,10
14715,10
14716,10
14807,10
14808,10
15035,10
15036,10
15105,10
15118,10
15233,10
15234,10
15549,10
15550,10
16023,10
16024,10
16115,10
16116,10
16203,10
16215,10
16216,10
16573,10
16574,10
16581,10
16582,10
16615,10
18190,10
19035,10
2195,10
2196,10
22117,10
22118,10
22123,10
22124,10
22125,10
22126,10
22187,10
22188,10
22321,10
22322,10
22409,10
22410,10
22413,10
22414,10
22434,10
22453,10
22454,10
22635,10
22636,10
22679,10
22680,10
22861,10
22862,10
22965,10
22966,10
31626,10
31711,10
31743,10
31843,10
31844,10
33382,10
34351,10
34352,10
34360,10
34626,10
37041,10
37042,10
37043,10
37044,10
37045,10
37046,10
37047,10
37048,10
37049,10
37050,10
37053,10
37054,10
37055,10
37056,10
37057,10
37058,10
37060,10
37061,10
37062,10
37063,10
37064,10
37065,10
37066,10
37067,10
37068,10
40568,10
40637,10
40706,10
40901,10
40902,10
43247,10
43410,10
43431,10
43435,10
43651,10
43652,10
43653,10
43654,10
43655,10
43656,10
43657,10
43658,10
43659,10
43660,10
43661,10
43662,10
43663,10
43664,10
43666,10
43668,10
43670,10
43672,10
43674,10
43713,10
4767,10
4768,10
4769,10
4770,10
4774,10
51763,10
51764,10
51765,10
51766,10
52456,10
53024,10
53411,10
53412,10
54047,10
54221,10
54222,10
54223,10
54224,10
54332,10
54467,10
54468,10
54469,10
54470,10
54788,10
55227,10
55240,10
55335,10
55336,10
55347,10
55348,10
55349,10
55350,10
55351,10
55352,10
55525,10
55526,10
55665,10
55687,10
55688,10
55749,10
55750,10
55751,10
55752,10
56008,10
5631,10
5632,10
56331,10
56332,10
56337,10
56338,10
56389,10
56741,10
56742,10
56819,10
56820,10
56922,10
57685,10
58029,10
58030,10
58651,10
58652,10
58655,10
58656,10
58657,10
59151,10
59152,10
59153,10
59154,10
59231,10
59232,10
59306,10
59307,10
59707,10
59709,10
59713,10
59714,10
59731,10
59732,10
63223,10
63224,10
64003,10
64036,10
64104,10
64107,10
64159,10
64271,10
64272,10
64273,10
64274,10
64275,10
64417,10
64418,10
64419,10
64434,10
64443,10
66037,10
67291,10
67292,10
67293,10
68093,10
68094,10
68701,10
68703,10
68707,10
68717,10
68725,10
68726,10
69174,10
73037,10
73038,10
73425,10
73426,10
73451,10
73452,10
73453,10
73454,10
74641,10
74648,10
7645,10
76506,10
76507,10
76830,10
76831,10
76839,10
76840,10
77239,10
78013,10
78016,10
78017,10
78505,10
78531,10
78817,10
78824,10
78825,10
78826,10
78827,10
79431,10
79432,10
95001,10
95003,10
95005,10
95007,10
95009,10
95011,10
95402,10
95404,10
95406,10
95408,10
95410,10
95412,10
95414,10
95416,10
95418,10
95420,10
95422,10
95424,10
95426,10
95428,10
95430,10
95913,10
96003,10
96019,10
96402,10
96404,10
96406,10
97375,10
97384,10
97406,10
97409,10
97410,10
97415,10
97420,10
97424,10
97429,10
97430,10
97442,10
97601,10
97602,10
97603,10
97604,10
97605,10
97606,10
97607,10
97608,10
97609,10
97610,10
97611,10
97612,10
97613,10
97614,10
97615,10
97616,10
97617,10
97618,10
97619,10
97620,10
97621,10
97622,10
97623,10
97624,10
97625,10
97626,10
97627,10
97628,10
97629,10
97630,10
97631,10
97632,10
97633,10
97634,10
97635,10
97636,10
97637,10
97638,10
97639,10
97640,10
97641,10
97642,10
97643,10
97644,10
97645,10
97646,10
97647,10
97648,10
97649,10
97651,10
97653,10
97655,10
11051,9
11052,9
12009,9
12010,9
12051,9
12052,9
12055,9
12073,9
12074,9
12113,9
12114,9
12229,9
12230,9
12305,9
12306,9
12323,9
12324,9
12347,9
12348,9
12383,9
12384,9
12411,9
12412,9
12567,9
12568,9
12572,9
12649,9
12650,9
12671,9
12672,9
12674,9
12713,9
12714,9
12814,9
12825,9
12826,9
12865,9
12866,9
12881,9
12882,9
12909,9
12910,9
13205,9
13206,9
13345,9
13346,9
13511,9
13512,9
14011,9
14012,9
14221,9
14222,9
14629,9
14630,9
15041,9
15042,9
15665,9
15666,9
16054,9
16058,9
16349,9
16350,9
16557,9
16558,9
16579,9
16580,9
16616,9
17009,9
17010,9
17021,9
17022,9
17404,9
17409,9
17410,9
18189,9
22109,9
22110,9
22145,9
22146,9
22163,9
22164,9
22323,9
22324,9
22407,9
22408,9
22417,9
22418,9
22441,9
22442,9
22617,9
22618,9
22897,9
22898,9
3101,9
3102,9
31211,9
31212,9
31216,9
31217,9
31219,9
31220,9
31221,9
31222,9
31223,9
31224,9
31225,9
31226,9
31227,9
31228,9
31229,9
31230,9
31231,9
31232,9
31233,9
31234,9
31235,9
31236,9
31237,9
31238,9
31239,9
31240,9
31241,9
31261,9
31411,9
31712,9
31841,9
31842,9
32211,9
32212,9
32213,9
32214,9
32215,9
32216,9
32217,9
32218,9
32219,9
32220,9
32221,9
32222,9
32223,9
32224,9
32225,9
32226,9
32227,9
32228,9
32229,9
32230,9
32231,9
32232,9
32233,9
32234,9
32235,9
32236,9
32237,9
32238,9
32239,9
32240,9
32241,9
32242,9
32243,9
32244,9
32245,9
32246,9
32247,9
32248,9
32249,9
32250,9
32252,9
33262,9
33421,9
33422,9
33713,9
33714,9
33718,9
33721,9
33726,9
33729,9
33730,9
33733,9
33735,9
33736,9
33739,9
34353,9
34354,9
34356,9
34358,9
34436,9
35011,9
35012,9
35013,9
35014,9
35015,9
35016,9
35019,9
35020,9
35021,9
35022,9
36011,9
36012,9
37011,9
37012,9
37013,9
37014,9
37017,9
37018,9
37019,9
37020,9
37021,9
37022,9
38101,9
38102,9
38107,9
40558,9
40612,9
43123,9
43251,9
43253,9
43255,9
43804,9
50107,9
50108,9
502,9
51111,9
51112,9
51113,9
51114,9
51115,9
51116,9
51430,9
52179,9
52180,9
52181,9
52184,9
53365,9
53366,9
53369,9
53370,9
53551,9
53552,9
53553,9
53554,9
53555,9
53556,9
53641,9
53642,9
54023,9
54313,9
54314,9
54393,9
54394,9
54397,9
54398,9
55143,9
55144,9
55159,9
55160,9
55228,9
55237,9
55238,9
55239,9
55311,9
55312,9
55361,9
55362,9
55363,9
55364,9
55365,9
55366,9
55367,9
55368,9
55517,9
55518,9
55666,9
55771,9
55772,9
56105,9
5614,9
56386,9
56390,9
56717,9
58019,9
58020,9
58031,9
58032,9
58135,9
58136,9
58137,9
58138,9
58227,9
58427,9
58817,9
58818,9
59359,9
59360,9
59708,9
59733,9
59734,9
6067,9
6068,9
64420,9
64437,9
64439,9
6591,9
6592,9
66013,9
66536,9
66537,9
66538,9
66539,9
66540,9
68009,9
68010,9
68063,9
68069,9
68070,9
68072,9
68077,9
68078,9
68091,9
68711,9
68712,9
68723,9
69104,9
69153,9
69154,9
69167,9
73033,9
73034,9
73581,9
73582,9
74301,9
74303,9
74304,9
74305,9
74306,9
74619,9
74620,9
74651,9
74658,9
74857,9
74858,9
7517,9
75233,9
75234,9
76523,9
76524,9
76800,9
76803,9
76804,9
76821,9
76822,9
76823,9
76824,9
76827,9
76828,9
76829,9
77244,9
77263,9
77268,9
77416,9
77417,9
78031,9
78032,9
78811,9
78812,9
78813,9
78814,9
8403,9
8404,9
93034,9
93101,9
93102,9
93104,9
93105,9
93109,9
95101,9
95103,9
95105,9
95107,9
95109,9
95111,9
95113,9
95115,9
95117,9
95119,9
95121,9
95123,9
95125,9
95127,9
95129,9
95131,9
95703,9
95704,9
95705,9
95712,9
95739,9
95745,9
95746,9
95919,9
96101,9
96103,9
96105,9
96107,9
96109,9
96111,9
96113,9
96115,9
96117,9
96119,9
96121,9
12013,8
12014,8
12017,8
12018,8
12025,8
12026,8
12029,8
12030,8
12031,8
12032,8
12039,8
12040,8
12043,8
12044,8
12087,8
12088,8
12125,8
12131,8
12132,8
12221,8
12222,8
12277,8
12278,8
12301,8
12302,8
12313,8
12314,8
12329,8
12330,8
12439,8
12440,8
12463,8
12464,8
12657,8
12658,8
12673,8
12682,8
12813,8
12857,8
12858,8
12951,8
12952,8
12973,8
12974,8
13257,8
13258,8
14209,8
14210,8
14260,8
14613,8
14614,8
14661,8
14662,8
15033,8
15034,8
15039,8
15040,8
15057,8
15058,8
15275,8
15276,8
16053,8
16057,8
16521,8
16522,8
17241,8
17242,8
17403,8
17619,8
17620,8
18695,8
18696,8
20889,8
20890,8
22102,8
22105,8
22115,8
22116,8
22140,8
22147,8
22148,8
22309,8
22310,8
22401,8
22402,8
22461,8
22462,8
22615,8
22616,8
22903,8
22904,8
29019,8
29020,8
30211,8
33711,8
33712,8
33715,8
33716,8
33717,8
33719,8
33720,8
33722,8
33723,8
33724,8
33725,8
33727,8
33728,8
33731,8
33732,8
33734,8
33737,8
33738,8
34411,8
34412,8
34413,8
34414,8
34415,8
34416,8
34417,8
34418,8
34419,8
34420,8
34421,8
34422,8
34423,8
34424,8
34425,8
34426,8
34427,8
34428,8
34429,8
34430,8
34431,8
34432,8
34434,8
34911,8
34912,8
34913,8
34914,8
34915,8
34916,8
34917,8
34918,8
34919,8
34920,8
34921,8
34922,8
34923,8
34924,8
34925,8
34926,8
34927,8
34928,8
34929,8
34930,8
34931,8
34932,8
34933,8
34934,8
36835,8
40707,8
40708,8
40756,8
42901,8
43125,8
43127,8
43613,8
43615,8
43650,8
43832,8
51033,8
51151,8
51407,8
51429,8
52175,8
52206,8
52225,8
52963,8
52964,8
52973,8
52974,8
52975,8
52976,8
52987,8
52988,8
53081,8
53209,8
53210,8
53221,8
53222,8
53223,8
54019,8
54531,8
54532,8
54881,8
54882,8
55165,8
55166,8
55307,8
55310,8
55359,8
55360,8
55719,8
55720,8
56007,8
56377,8
56707,8
56708,8
56718,8
57145,8
57146,8
57512,8
57686,8
58428,8
58711,8
58712,8
58713,8
58714,8
58715,8
58716,8
58810,8
58811,8
59201,8
59202,8
59213,8
59216,8
59267,8
59268,8
59269,8
59270,8
59295,8
59296,8
59317,8
59318,8
59353,8
59354,8
59509,8
59510,8
59511,8
59512,8
59549,8
59550,8
63203,8
63204,8
64410,8
64411,8
64425,8
64426,8
64427,8
64429,8
64433,8
64449,8
64450,8
64493,8
64494,8
64955,8
64956,8
6647,8
6648,8
66535,8
66606,8
66607,8
68081,8
69137,8
69138,8
69173,8
69185,8
69186,8
7061,8
71088,8
71901,8
71902,8
71905,8
71906,8
74017,8
74018,8
74302,8
74647,8
74652,8
74653,8
74654,8
74655,8
74656,8
74657,8
74849,8
74850,8
74851,8
74852,8
74853,8
74854,8
75253,8
75254,8
75727,8
75733,8
75734,8
75735,8
75736,8
75737,8
75738,8
75739,8
75740,8
75911,8
75912,8
76820,8
77205,8
77209,8
77211,8
77216,8
77219,8
77225,8
77226,8
77227,8
77228,8
77234,8
77235,8
77259,8
77260,8
77281,8
77286,8
77287,8
77651,8
77652,8
77655,8
77656,8
78009,8
78010,8
78011,8
78057,8
78058,8
78502,8
93031,8
95002,8
95004,8
95006,8
95008,8
95010,8
95012,8
95013,8
95717,8
95719,8
95724,8
95726,8
95744,8
96020,8
97033,8
97046,8
97056,8
97073,8
97086,8
97094,8
97118,8
97130,8
97150,8
97152,8
11307,7
11308,7
12003,7
12004,7
12037,7
12038,7
12041,7
12042,7
12071,7
12072,7
12121,7
12122,7
12126,7
12205,7
12206,7
12213,7
12247,7
12248,7
12249,7
12250,7
12261,7
12262,7
12263,7
12264,7
12269,7
12270,7
12291,7
12292,7
12341,7
12342,7
12373,7
12374,7
12418,7
12437,7
12438,7
12453,7
12454,7
12681,7
12927,7
12928,7
12978,7
14633,7
14634,7
15669,7
15670,7
16233,7
16234,7
19323,7
19324,7
2025,7
2026,7
20602,7
22101,7
22106,7
22119,7
22120,7
22487,7
22488,7
31191,7
31192,7
31218,7
31725,7
31726,7
33231,7
33232,7
33291,7
33351,7
34355,7
34981,7
40534,7
40553,7
40569,7
40711,7
43021,7
43025,7
43029,7
43408,7
4409,7
4410,7
47196,7
50120,7
51034,7
51427,7
51428,7
52176,7
52953,7
52954,7
53224,7
53323,7
53324,7
53511,7
53512,7
53513,7
53514,7
53515,7
53516,7
53517,7
53518,7
53519,7
53520,7
54013,7
54014,7
54015,7
54016,7
54018,7
54201,7
54237,7
54238,7
54557,7
54558,7
54581,7
54582,7
54637,7
54638,7
55101,7
55102,7
55103,7
55104,7
55305,7
55315,7
55316,7
55317,7
55318,7
55322,7
55340,7
55353,7
55369,7
55370,7
56106,7
56107,7
56108,7
56136,7
56137,7
56205,7
56206,7
56217,7
56218,7
56925,7
57264,7
57265,7
57411,7
57412,7
58429,7
58430,7
58431,7
58432,7
58658,7
58809,7
58812,7
58813,7
58814,7
59214,7
59215,7
59243,7
59244,7
59379,7
59380,7
63221,7
63222,7
63274,7
63276,7
64409,7
64423,7
64424,7
64428,7
64430,7
64431,7
64432,7
64441,7
64482,7
64483,7
64545,7
64546,7
64547,7
64548,7
6595,7
6596,7
66000,7
66002,7
66003,7
66004,7
66005,7
66007,7
66051,7
66052,7
66541,7
66542,7
67251,7
67253,7
68057,7
68058,7
68079,7
68080,7
68092,7
68718,7
69116,7
73215,7
73216,7
74911,7
74912,7
74913,7
74914,7
74915,7
74916,7
74917,7
74918,7
74919,7
74920,7
74993,7
74994,7
75279,7
75728,7
77220,7
77246,7
77622,7
77623,7
78020,7
79449,7
79450,7
82355,7
95102,7
95104,7
95106,7
95108,7
95110,7
95112,7
95114,7
95116,7
95118,7
95120,7
95122,7
95124,7
95126,7
95128,7
95130,7
95132,7
95134,7
95136,7
95138,7
95140,7
95142,7
95144,7
95501,7
95503,7
95505,7
95507,7
95509,7
95511,7
95513,7
95515,7
95517,7
95701,7
95723,7
95725,7
95902,7
95903,7
95904,7
95906,7
95908,7
95910,7
95912,7
96102,7
96104,7
96106,7
96108,7
96110,7
96112,7
96503,7
96505,7
96507,7
96509,7
96511,7
96513,7
96515,7
96517,7
96519,7
96521,7
11801,6
11802,6
12011,6
12012,6
12127,6
12214,6
12223,6
12224,6
12241,6
12242,6
12243,6
12244,6
12245,6
12246,6
12273,6
12274,6
12281,6
12282,6
12285,6
12286,6
12309,6
12310,6
12343,6
12344,6
12417,6
12581,6
12582,6
12593,6
12594,6
12595,6
12596,6
12985,6
12986,6
13013,6
13014,6
13053,6
13054,6
14323,6
14324,6
14795,6
14796,6
18403,6
18404,6
20601,6
23345,6
23346,6
24887,6
24888,6
25201,6
25202,6
31571,6
31713,6
31714,6
31721,6
31722,6
31723,6
31781,6
31782,6
37711,6
40005,6
40138,6
40140,6
40142,6
40152,6
40312,6
40324,6
40344,6
40372,6
40418,6
40504,6
40752,6
40802,6
40803,6
42452,6
43216,6
43222,6
4853,6
4854,6
50119,6
51348,6
51408,6
51821,6
51822,6
52239,6
52240,6
52263,6
52264,6
52265,6
52266,6
52267,6
52268,6
52297,6
52298,6
5309,6
5310,6
53333,6
53334,6
53451,6
53452,6
54025,6
54026,6
54651,6
54654,6
55055,6
55056,6
55319,6
55320,6
55323,6
55324,6
56001,6
56003,6
56005,6
56006,6
56138,6
56139,6
56140,6
56141,6
56142,6
56143,6
56378,6
56505,6
56506,6
56511,6
56512,6
56871,6
56872,6
56879,6
56880,6
56926,6
58303,6
58304,6
59345,6
59346,6
59475,6
59476,6
59477,6
59478,6
59481,6
59482,6
59483,6
59484,6
63273,6
63275,6
63527,6
63528,6
64018,6
64097,6
64415,6
64421,6
64422,6
6513,6
66021,6
66513,6
66516,6
66517,6
66518,6
67254,6
67259,6
67273,6
67274,6
68047,6
68048,6
69133,6
69134,6
69135,6
69136,6
69183,6
69184,6
69195,6
69196,6
71081,6
71083,6
71084,6
71085,6
71086,6
71093,6
71094,6
71401,6
71405,6
72203,6
72204,6
72205,6
72206,6
72207,6
72208,6
72209,6
72210,6
73911,6
73914,6
74601,6
74602,6
74603,6
74604,6
74605,6
74606,6
74607,6
74608,6
74613,6
74616,6
74617,6
74618,6
74621,6
74622,6
74623,6
74624,6
74691,6
74692,6
74906,6
74907,6
76818,6
77221,6
77230,6
77233,6
77247,6
77283,6
77284,6
77289,6
7757,6
7758,6
77676,6
77677,6
79307,6
79308,6
79311,6
79312,6
79315,6
79316,6
79319,6
79320,6
79321,6
79322,6
79323,6
79324,6
79325,6
79326,6
79448,6
8017,6
8018,6
8082,6
8087,6
95713,6
95722,6
95730,6
95734,6
95901,6
95907,6
95909,6
95911,6
95917,6
11031,5
11032,5
12005,5
12006,5
12033,5
12119,5
12120,5
12123,5
12128,5
12169,5
12170,5
12227,5
12228,5
12239,5
12240,5
12259,5
12260,5
12293,5
12294,5
12393,5
12394,5
12425,5
12426,5
12847,5
12848,5
12907,5
12908,5
13015,5
13016,5
15019,5
15020,5
22209,5
22210,5
22307,5
22308,5
22439,5
22905,5
22906,5
31214,5
31215,5
31724,5
31783,5
31784,5
31786,5
3501,5
3502,5
37387,5
37388,5
37391,5
37394,5
40709,5
40754,5
421,5
422,5
43831,5
5061,5
5062,5
51685,5
51686,5
51687,5
51688,5
52182,5
52183,5
52570,5
52571,5
52587,5
52588,5
53207,5
53208,5
54010,5
54225,5
54226,5
54227,5
54228,5
54239,5
54240,5
54243,5
54244,5
54481,5
54482,5
54483,5
54484,5
54485,5
54486,5
55105,5
55106,5
55107,5
55108,5
55109,5
55110,5
55111,5
55112,5
55113,5
55114,5
55145,5
55146,5
55575,5
55576,5
55577,5
55578,5
55681,5
55682,5
55683,5
55684,5
56002,5
56519,5
56520,5
56642,5
56643,5
56861,5
56862,5
56863,5
56864,5
56865,5
56866,5
56902,5
56907,5
56917,5
56918,5
57501,5
57504,5
57649,5
59607,5
59608,5
63565,5
63566,5
64231,5
64232,5
64234,5
64401,5
64402,5
64403,5
64404,5
64406,5
64407,5
64408,5
64412,5
64414,5
64445,5
66045,5
66046,5
66054,5
66527,5
66528,5
67255,5
67258,5
68073,5
68075,5
68076,5
69131,5
69132,5
73211,5
73212,5
73461,5
73462,5
73463,5
73464,5
74681,5
74682,5
74684,5
74687,5
75213,5
75214,5
75280,5
77245,5
77250,5
77257,5
77258,5
77282,5
77285,5
77288,5
77290,5
77689,5
77690,5
78014,5
78015,5
78018,5
78019,5
79429,5
79430,5
79441,5
79442,5
79443,5
79444,5
79446,5
79447,5
79451,5
79452,5
79453,5
8052,5
8101,5
8102,5
9003,5
9004,5
95201,5
95203,5
95205,5
95207,5
95209,5
95211,5
95213,5
95215,5
95217,5
95219,5
95221,5
95223,5
95225,5
95227,5
95229,5
95231,5
95233,5
95235,5
95237,5
95239,5
95241,5
95502,5
95504,5
95506,5
95508,5
95510,5
95512,5
95514,5
95516,5
95905,5
96201,5
96203,5
96205,5
96207,5
96209,5
96211,5
96213,5
96215,5
96217,5
96219,5
96221,5
96223,5
96225,5
96227,5
96502,5
96504,5
96506,5
96508,5
96510,5
96512,5
96514,5
96516,5
96518,5
96520,5
96522,5
96524,5
107,4
108,4
12007,4
12008,4
12027,4
12028,4
12034,4
12035,4
12036,4
12045,4
12046,4
12124,4
12157,4
12158,4
12219,4
12220,4
12289,4
12290,4
12297,4
12298,4
12337,4
12338,4
12559,4
12560,4
12613,4
12614,4
12795,4
12796,4
16129,4
17305,4
20901,4
20902,4
21067,4
21068,4
22213,4
22214,4
22463,4
22464,4
22669,4
22670,4
22687,4
22688,4
22995,4
22996,4
25631,4
25632,4
31213,4
3307,4
3308,4
33411,4
33412,4
34311,4
34312,4
34313,4
37521,4
37522,4
37523,4
37524,4
37525,4
37526,4
37527,4
37528,4
37529,4
37530,4
37531,4
37532,4
37533,4
37534,4
37535,4
37536,4
37537,4
37538,4
37539,4
37540,4
37541,4
37542,4
37543,4
37544,4
37545,4
37546,4
37547,4
37548,4
37549,4
37550,4
37551,4
37552,4
37553,4
37554,4
37555,4
37556,4
37557,4
37558,4
38832,4
40636,4
40702,4
40704,4
40751,4
40758,4
40762,4
43892,4
5105,4
5106,4
51239,4
51240,4
53643,4
53644,4
53645,4
53646,4
53647,4
53648,4
54267,4
54268,4
54270,4
55231,4
55232,4
55313,4
55314,4
55709,4
55710,4
55823,4
55824,4
56102,4
56103,4
56144,4
56145,4
56146,4
56147,4
56148,4
56149,4
56150,4
56151,4
56644,4
56645,4
57323,4
57324,4
58717,4
58718,4
59735,4
59736,4
6081,4
6082,4
64088,4
6593,4
6594,4
72171,4
72172,4
72173,4
72174,4
72175,4
72176,4
72177,4
72178,4
72179,4
72180,4
74661,4
74662,4
74663,4
74664,4
74683,4
74685,4
74686,4
74688,4
75901,4
75904,4
75905,4
75908,4
76813,4
77201,4
77631,4
77632,4
77633,4
77634,4
77635,4
77638,4
77640,4
77641,4
77642,4
77643,4
77647,4
77653,4
77654,4
78511,4
78512,4
78513,4
78514,4
78515,4
78516,4
78517,4
78518,4
78519,4
78520,4
8014,4
9005,4
9006,4
95301,4
95303,4
95305,4
95307,4
95309,4
95311,4
95313,4
95315,4
95317,4
95319,4
95321,4
95323,4
95325,4
95327,4
95329,4
95331,4
95601,4
95603,4
95605,4
95607,4
95609,4
95611,4
95613,4
95615,4
95617,4
95619,4
96301,4
96303,4
96305,4
96307,4
96309,4
96311,4
96313,4
96315,4
96317,4
96319,4
96321,4
96323,4
96325,4
96327,4
96329,4
96331,4
96333,4
96335,4
96337,4
96339,4
96341,4
96343,4
96345,4
96501,4
96601,4
96603,4
96605,4
96607,4
96609,4
96611,4
96613,4
96615,4
96617,4
96619,4
96621,4
96623,4
96625,4
96627,4
96629,4
96631,4
96633,4
96635,4
96637,4
96639,4
96641,4
96643,4
96645,4
96647,4
96649,4
96651,4
96653,4
96655,4
12265,3
12266,3
12451,3
12452,3
16130,3
22201,3
22202,3
22203,3
22204,3
22205,3
22206,3
22925,3
22926,3
23141,3
23142,3
24041,3
24042,3
25013,3
25014,3
25035,3
25036,3
2651,3
2652,3
33212,3
33357,3
37112,3
37114,3
37116,3
37118,3
37120,3
37122,3
37385,3
37386,3
37389,3
37390,3
37392,3
37822,3
37843,3
38031,3
38032,3
38033,3
38034,3
38036,3
40021,3
40506,3
40508,3
40509,3
40512,3
40514,3
40518,3
40519,3
40524,3
40525,3
40526,3
40529,3
40531,3
40533,3
40539,3
40543,3
40545,3
40547,3
40549,3
40550,3
40555,3
40556,3
40559,3
40561,3
40562,3
40565,3
40567,3
40570,3
40571,3
40573,3
40574,3
40602,3
40608,3
40609,3
40625,3
40644,3
40649,3
40650,3
40656,3
40662,3
40701,3
40759,3
40801,3
41001,3
41003,3
41006,3
41008,3
41009,3
41012,3
41013,3
41014,3
41015,3
41016,3
41017,3
41020,3
41021,3
41022,3
41023,3
41024,3
41028,3
41029,3
41033,3
41035,3
41036,3
41038,3
41040,3
41042,3
41043,3
41046,3
41048,3
41050,3
41051,3
41055,3
41056,3
41057,3
41060,3
41061,3
41063,3
41064,3
41065,3
41069,3
41070,3
41073,3
41076,3
41077,3
41078,3
41079,3
41080,3
41081,3
41082,3
41084,3
41085,3
41089,3
41091,3
41092,3
41093,3
41095,3
41096,3
41097,3
41102,3
41103,3
41104,3
41105,3
41108,3
41110,3
41111,3
41113,3
41116,3
41117,3
41119,3
41120,3
41122,3
41127,3
41128,3
41129,3
41130,3
41131,3
41132,3
41134,3
41135,3
41138,3
41140,3
41501,3
41502,3
41503,3
41504,3
41505,3
41506,3
41507,3
41508,3
41509,3
41510,3
41512,3
41513,3
41514,3
41515,3
41516,3
41517,3
41518,3
41519,3
41520,3
41521,3
41522,3
41523,3
41524,3
41525,3
41526,3
41527,3
41528,3
41529,3
41530,3
41532,3
41533,3
41534,3
41535,3
41536,3
41537,3
41538,3
41539,3
41540,3
41541,3
41542,3
41543,3
41544,3
41545,3
41546,3
41547,3
41548,3
41549,3
41550,3
41551,3
41552,3
41553,3
41554,3
41555,3
41556,3
41557,3
41558,3
41559,3
41560,3
41561,3
41562,3
41563,3
41564,3
41565,3
41566,3
41567,3
41568,3
41569,3
41570,3
41571,3
41572,3
41573,3
41574,3
41575,3
41576,3
41577,3
41578,3
41579,3
41580,3
41581,3
41582,3
41583,3
41584,3
41585,3
41586,3
41587,3
41588,3
41589,3
41590,3
41593,3
41594,3
41597,3
41598,3
41599,3
41600,3
43553,3
43891,3
4801,3
4802,3
504,3
506,3
52451,3
52452,3
52591,3
52592,3
52593,3
52594,3
52595,3
52596,3
52597,3
52598,3
52599,3
54091,3
54092,3
54385,3
54386,3
54387,3
54388,3
54389,3
54390,3
55167,3
55168,3
55169,3
55170,3
55371,3
55372,3
55373,3
55374,3
55375,3
55376,3
55569,3
55570,3
56004,3
56043,3
56044,3
56373,3
56374,3
57590,3
58719,3
58720,3
58721,3
58722,3
59163,3
59164,3
59169,3
59170,3
59827,3
59828,3
604,3
63151,3
63153,3
63154,3
63155,3
63156,3
63157,3
63158,3
63159,3
63160,3
63161,3
63162,3
63163,3
63164,3
63165,3
63166,3
63169,3
63501,3
64163,3
6851,3
6852,3
6853,3
6854,3
72451,3
72452,3
74031,3
74034,3
74035,3
74038,3
77273,3
77274,3
77405,3
77406,3
8051,3
95202,3
95204,3
95206,3
95208,3
95210,3
95212,3
95214,3
95216,3
95218,3
95220,3
95222,3
95224,3
95226,3
95228,3
95230,3
95232,3
95234,3
95236,3
96202,3
96204,3
96206,3
96208,3
96210,3
96212,3
96214,3
96216,3
96218,3
96220,3
96222,3
96224,3
96226,3
96228,3
96232,3
96234,3
98913,3
98917,3
12049,2
12050,2
12267,2
12268,2
12275,2
12276,2
13109,2
13110,2
13129,2
13130,2
14001,2
14002,2
14889,2
14890,2
16185,2
16186,2
21107,2
21108,2
22447,2
22448,2
31584,2
31585,2
31586,2
3305,2
3306,2
36830,2
37111,2
37113,2
37115,2
37117,2
37119,2
37121,2
40042,2
40044,2
40052,2
40074,2
40076,2
40078,2
40080,2
40082,2
40084,2
40086,2
40088,2
40090,2
40092,2
40094,2
40096,2
40098,2
40100,2
40102,2
40104,2
40106,2
40108,2
40110,2
40112,2
40114,2
40116,2
40118,2
40120,2
40122,2
40124,2
40126,2
40128,2
40130,2
40132,2
40134,2
40136,2
40144,2
40146,2
40148,2
40150,2
40154,2
40156,2
40158,2
40302,2
40304,2
40306,2
40308,2
40310,2
40314,2
40316,2
40318,2
40320,2
40322,2
40326,2
40328,2
40330,2
40332,2
40334,2
40336,2
40338,2
40340,2
40342,2
40346,2
40348,2
40350,2
40352,2
40354,2
40356,2
40358,2
40360,2
40362,2
40364,2
40366,2
40368,2
40370,2
40374,2
40376,2
40378,2
40380,2
40382,2
40384,2
40386,2
40388,2
40390,2
40392,2
40394,2
40396,2
40398,2
40400,2
40402,2
40404,2
40406,2
40408,2
40410,2
40412,2
40414,2
40416,2
40420,2
40422,2
40501,2
40502,2
40503,2
40505,2
40507,2
40510,2
40511,2
40513,2
40515,2
40516,2
40517,2
40520,2
40522,2
40523,2
40527,2
40528,2
40535,2
40536,2
40538,2
40540,2
40541,2
40542,2
40544,2
40548,2
40552,2
40554,2
40557,2
40563,2
40564,2
40566,2
40572,2
40607,2
40613,2
40614,2
40616,2
40617,2
40619,2
40621,2
40622,2
40623,2
40624,2
40626,2
40627,2
40629,2
40632,2
40633,2
40634,2
40635,2
40638,2
40639,2
40641,2
40642,2
40646,2
40648,2
40651,2
40652,2
40653,2
40654,2
40657,2
40658,2
40659,2
40661,2
40663,2
40664,2
40666,2
40761,2
41086,2
41511,2
41531,2
42451,2
43551,2
43552,2
43554,2
43556,2
43611,2
43844,2
43921,2
51135,2
51136,2
51137,2
51138,2
51139,2
51140,2
51141,2
51142,2
51145,2
51146,2
51147,2
51148,2
51149,2
51150,2
51458,2
51861,2
51862,2
51863,2
51864,2
51865,2
51866,2
51867,2
51868,2
51869,2
51870,2
53481,2
53482,2
53483,2
53484,2
53485,2
53486,2
53487,2
53488,2
53489,2
53490,2
53491,2
53492,2
53493,2
53494,2
53495,2
53496,2
54822,2
55171,2
55172,2
55173,2
55174,2
55175,2
55176,2
55177,2
55178,2
55179,2
55180,2
557,2
56719,2
5715,2
5716,2
63167,2
63168,2
64585,2
64586,2
68643,2
68644,2
68645,2
68646,2
73901,2
73902,2
73903,2
73904,2
73905,2
73912,2
73913,2
73916,2
74801,2
74802,2
74803,2
74804,2
74805,2
74806,2
74807,2
74808,2
74809,2
74810,2
74811,2
74812,2
74813,2
74814,2
74815,2
74816,2
74817,2
74818,2
74941,2
74942,2
74943,2
74944,2
74945,2
74946,2
74947,2
74948,2
76501,2
76502,2
76503,2
76504,2
76814,2
76817,2
79457,2
79458,2
79459,2
79460,2
79481,2
79482,2
79483,2
79484,2
79485,2
79486,2
79487,2
79488,2
79489,2
79490,2
8001,2
8002,2
8581,2
8582,2
90540,2
90981,2
91392,2
91393,2
91394,2
91395,2
91396,2
91491,2
93001,2
93002,2
93003,2
93004,2
93005,2
93006,2
93007,2
93008,2
93009,2
93010,2
93011,2
93012,2
93013,2
93014,2
93015,2
93016,2
93017,2
93018,2
93019,2
93020,2
93021,2
93022,2
93023,2
93024,2
93025,2
93026,2
93027,2
93028,2
93029,2
93030,2
93032,2
93033,2
95302,2
95304,2
95306,2
95308,2
95310,2
95312,2
95314,2
95316,2
95318,2
95320,2
95322,2
95324,2
95326,2
95328,2
95330,2
95332,2
95334,2
95336,2
95338,2
95340,2
95342,2
95602,2
95604,2
95606,2
95608,2
95610,2
95612,2
95614,2
95616,2
95740,2
96001,2
96002,2
96004,2
96005,2
96006,2
96007,2
96008,2
96009,2
96010,2
96011,2
96012,2
96013,2
96014,2
96015,2
96016,2
96017,2
96018,2
96022,2
96302,2
96304,2
96306,2
96308,2
96310,2
96312,2
96314,2
96316,2
96318,2
96320,2
96322,2
96324,2
96326,2
96328,2
96330,2
96332,2
96334,2
96602,2
96604,2
96606,2
96608,2
96610,2
96612,2
96614,2
96616,2
96618,2
96620,2
96622,2
96624,2
96626,2
96628,2
96630,2
96632,2
96634,2
96636,2
96638,2
96640,2
96642,2
96644,2
96646,2
96648,2
96650,2
96652,2
96654,2
96656,2
96658,2
96660,2
97000,2
98000,2
98001,2
98002,2
98003,2
98004,2
98005,2
98006,2
98007,2
98008,2
98009,2
98010,2
98011,2
98012,2
98013,2
98014,2
98015,2
98016,2
98017,2
98018,2
98019,2
98020,2
98021,2
98022,2
98023,2
98024,2
98025,2
98026,2
98027,2
98028,2
98029,2
98030,2
98031,2
98032,2
98033,2
98034,2
98035,2
98036,2
98037,2
98038,2
98039,2
98040,2
98041,2
98042,2
98043,2
98044,2
98045,2
98046,2
98047,2
98048,2
98049,2
98050,2
98051,2
98052,2
98053,2
98054,2
98055,2
98056,2
98057,2
98058,2
98059,2
98060,2
98061,2
98062,2
98063,2
98064,2
98065,2
98066,2
98067,2
98068,2
98069,2
98070,2
98071,2
98072,2
98073,2
98074,2
98075,2
98076,2
98077,2
98078,2
98079,2
98080,2
98081,2
98082,2
98083,2
98084,2
98085,2
98087,2
98088,2
98089,2
98090,2
98091,2
98092,2
98093,2
98094,2
98095,2
98096,2
98097,2
98098,2
98099,2
98100,2
98101,2
98102,2
98103,2
98104,2
98105,2
98106,2
98107,2
98108,2
98109,2
98110,2
98111,2
98112,2
98113,2
98114,2
98115,2
98116,2
98117,2
98118,2
98119,2
98120,2
98121,2
98122,2
98123,2
98124,2
98125,2
98126,2
98127,2
98128,2
98129,2
98130,2
98131,2
98132,2
98133,2
98134,2
98135,2
98136,2
98137,2
98138,2
98139,2
98140,2
98141,2
98142,2
98143,2
98144,2
98145,2
98146,2
98147,2
98148,2
98149,2
98150,2
98151,2
98152,2
98153,2
98154,2
98155,2
98156,2
98157,2
98158,2
98159,2
98160,2
98161,2
98162,2
98163,2
98164,2
98165,2
98166,2
98167,2
98168,2
98169,2
98170,2
98171,2
98172,2
98173,2
98174,2
98175,2
98176,2
98177,2
98178,2
98179,2
98180,2
98181,2
98182,2
98183,2
98184,2
98185,2
98186,2
98187,2
98188,2
98189,2
98190,2
98191,2
98192,2
98193,2
98194,2
98195,2
98196,2
98197,2
98198,2
98199,2
98200,2
98201,2
98202,2
98203,2
98204,2
98205,2
98207,2
98208,2
98209,2
98211,2
98213,2
98214,2
98215,2
98300,2
98301,2
98302,2
98303,2
98304,2
98305,2
98306,2
98307,2
98308,2
98309,2
98310,2
98311,2
98312,2
98313,2
98314,2
98315,2
98316,2
98317,2
98318,2
98319,2
98320,2
98321,2
98322,2
98323,2
98324,2
98325,2
98326,2
98327,2
98328,2
98329,2
98330,2
98331,2
98332,2
98333,2
98334,2
98335,2
98336,2
98337,2
98338,2
98339,2
98340,2
98341,2
98342,2
98343,2
98344,2
98345,2
98346,2
98347,2
98348,2
98349,2
98350,2
98351,2
98352,2
98353,2
98354,2
98355,2
98356,2
98357,2
98358,2
98359,2
98360,2
98361,2
98362,2
98363,2
98364,2
98365,2
98366,2
98367,2
98368,2
98369,2
98370,2
98371,2
98372,2
98373,2
98374,2
98375,2
98376,2
98377,2
98378,2
98379,2
98380,2
98381,2
98382,2
98384,2
98386,2
98388,2
98390,2
98392,2
98394,2
98500,2
98501,2
98502,2
98503,2
98504,2
98505,2
98506,2
98507,2
98508,2
98509,2
98510,2
98511,2
98512,2
98513,2
98514,2
98515,2
98516,2
98517,2
98518,2
98519,2
98520,2
98521,2
98522,2
98523,2
98524,2
98525,2
98526,2
98527,2
98528,2
98529,2
98530,2
98531,2
98532,2
98533,2
98535,2
98537,2
98538,2
98539,2
98540,2
98541,2
98543,2
98544,2
98545,2
98546,2
98547,2
98548,2
98549,2
98550,2
98551,2
98552,2
98553,2
98554,2
98555,2
98556,2
98557,2
98558,2
98559,2
98560,2
98561,2
98562,2
98563,2
98564,2
98565,2
98566,2
98567,2
98568,2
98569,2
98570,2
98571,2
98572,2
98573,2
98574,2
98575,2
98576,2
98577,2
98578,2
98580,2
98600,2
98601,2
98602,2
98603,2
98604,2
98605,2
98700,2
98701,2
98702,2
98703,2
98704,2
98705,2
98706,2
98707,2
98708,2
98709,2
98710,2
98711,2
98712,2
98713,2
98714,2
98715,2
98716,2
98717,2
98718,2
98719,2
98720,2
98721,2
98722,2
98723,2
98724,2
98725,2
98726,2
98727,2
98728,2
98729,2
98730,2
98731,2
98732,2
98733,2
98734,2
98735,2
98736,2
98737,2
98738,2
98739,2
98740,2
98741,2
98742,2
98743,2
98744,2
98745,2
98746,2
98747,2
98748,2
98749,2
98750,2
98751,2
98752,2
98753,2
98754,2
98755,2
98756,2
98757,2
98758,2
98759,2
98760,2
98761,2
98762,2
98763,2
98764,2
98765,2
98766,2
98767,2
98768,2
98769,2
98770,2
98771,2
98772,2
98773,2
98774,2
98775,2
98776,2
98777,2
98778,2
98779,2
98780,2
98781,2
98782,2
98783,2
98784,2
98785,2
98800,2
98801,2
98802,2
98803,2
98804,2
98805,2
98806,2
98807,2
98808,2
98809,2
98810,2
98811,2
98812,2
98813,2
98814,2
98815,2
98816,2
98817,2
98818,2
98819,2
98820,2
98821,2
98822,2
98823,2
98824,2
98825,2
98826,2
98827,2
98828,2
98829,2
98830,2
98831,2
98832,2
98833,2
98834,2
98835,2
98836,2
98837,2
98838,2
98839,2
98840,2
98841,2
98842,2
98843,2
98844,2
98845,2
98846,2
98847,2
98848,2
98849,2
98850,2
98851,2
98852,2
98853,2
98854,2
98855,2
98856,2
98857,2
98858,2
98859,2
98860,2
98861,2
98862,2
98863,2
98864,2
98865,2
98866,2
98867,2
98868,2
98869,2
98870,2
98871,2
98872,2
98873,2
98874,2
98875,2
98876,2
98877,2
98878,2
98879,2
98880,2
98881,2
98882,2
98883,2
98884,2
98885,2
98886,2
98887,2
98900,2
98901,2
98902,2
98903,2
98904,2
98905,2
98906,2
98907,2
98908,2
98909,2
98910,2
98911,2
98912,2
98914,2
98915,2
98916,2
99000,2
99001,2
99002,2
99003,2
99004,2
99005,2
99006,2
99007,2
99008,2
99009,2
99010,2
99011,2
99012,2
99013,2
99014,2
99015,2
99016,2
99017,2
99018,2
99019,2
99020,2
99021,2
99022,2
99023,2
99024,2
99025,2
99026,2
99027,2
99028,2
99029,2
99030,2
99031,2
99032,2
99033,2
99034,2
99035,2
99036,2
99037,2
99038,2
99039,2
99040,2
99041,2
99042,2
99100,2
99101,2
99102,2
99103,2
99104,2
99105,2
99107,2
99200,2
99201,2
99202,2
99203,2
99204,2
99205,2
99206,2
99207,2
99208,2
99209,2
99210,2
99211,2
99212,2
99213,2
99214,2
99215,2
99216,2
99217,2
99218,2
99219,2
99220,2
99221,2
99222,2
99223,2
99224,2
99225,2
99226,2
99227,2
99228,2
99229,2
99230,2
99231,2
99232,2
99233,2
99234,2
99235,2
99236,2
99237,2
99238,2
99239,2
99240,2
99241,2
99242,2
99243,2
99244,2
99245,2
99246,2
99247,2
99248,2
99249,2
99250,2
99251,2
99252,2
99253,2
99254,2
99255,2
99400,2
99401,2
99402,2
99403,2
99404,2
99405,2
99406,2
99407,2
99408,2
99409,2
99410,2
99411,2
99412,2
99413,2
99414,2
99415,2
99416,2
99417,2
99418,2
99419,2
99420,2
99421,2
99422,2
99423,2
99424,2
99425,2
99426,2
99427,2
99428,2
99429,2
99430,2
99431,2
99432,2
99433,2
99434,2
99435,2
99436,2
99437,2
99438,2
99439,2
99440,2
99441,2
99442,2
99443,2
99444,2
99445,2
99446,2
99447,2
99448,2
99449,2
99450,2
99451,2
99452,2
99453,2
99454,2
99455,2
99456,2
99457,2
99458,2
99459,2
99460,2
99461,2
99462,2
99463,2
99464,2
99465,2
99466,2
99467,2
99468,2
99469,2
99470,2
99471,2
99472,2
99473,2
99474,2
99475,2
99476,2
99477,2
99478,2
99479,2
99480,2
99481,2
99482,2
99483,2
99484,2
99485,2
99486,2
99487,2
99488,2
99489,2
99490,2
99491,2
99492,2
99493,2
99494,2
99495,2
99496,2
99497,2
99498,2
99499,2
99500,2
99501,2
99502,2
99503,2
