Category,Train_No,Stop_Count,Start_Station_Code,Start_Station_Name,End_Station_Code,End_Station_Name
MAXIMUM_STOPS,53041,118,HWH,HOWRAH JN.,JYG,JAYNAGAR
MINIMUM_STOPS,12049,2,AGC,AGRA CANTT,NZM,HAZRAT NIZAM
MINIMUM_STOPS,12050,2,NZM,HAZRAT NIZAM,AGC,AGRA CANTT
MINIMUM_STOPS,12267,2,BCT,MUMBAI CENTR,ADI,AHMEDABAD
MINIMUM_STOPS,12268,2,ADI,AHMEDABAD,BCT,MUMBAI CENTR
MINIMUM_STOPS,12275,2,ALD,ALLAHABAD JN,NDLS,NEW DELHI
MINIMUM_STOPS,12276,2,NDLS,NEW DELHI,ALD,ALLAHABAD JN
MINIMUM_STOPS,13109,2,KOAA,KOLKATA,GEDE,GEDE
MINIMUM_STOPS,13110,2,GEDE,GEDE,KOAA,KOLKATA
MINIMUM_STOPS,13129,2,KOAA,KOLKATA,PTPL,PETRAPOLE
MINIMUM_STOPS,13130,2,PTPL,PETRAPOLE,KOAA,KOLKATA
MINIMUM_STOPS,14001,2,DLI,DELHI JN.,ATT,ATARI JN
MINIMUM_STOPS,14002,2,ATT,ATARI JN,DLI,DELHI JN.
MINIMUM_STOPS,14889,2,BGKT,BHAGAT-KI-KO,MBF,MUNABAO
MINIMUM_STOPS,14890,2,MBF,MUNABAO,BGKT,BHAGAT-KI-KO
MINIMUM_STOPS,16185,2,NGT,NAGAPPATTINA,VLNK,VELANKANNI
MINIMUM_STOPS,16186,2,VLNK,VELANKANNI,NGT,NAGAPPATTINA
MINIMUM_STOPS,21107,2,KURJ,KHAJAURAHO,MBA,MAHOBA
MINIMUM_STOPS,21108,2,MBA,MAHOBA,KURJ,KHAJAURAHO
MINIMUM_STOPS,22447,2,KURJ,KHAJAURAHO,MBA,MAHOBA
MINIMUM_STOPS,22448,2,MBA,MAHOBA,KURJ,KHAJAURAHO
MINIMUM_STOPS,31584,2,KNJ,KRISHNA NAGA,STB,SHANTIPUR JN
MINIMUM_STOPS,31585,2,STB,SHANTIPUR JN,KNJ,KRISHNA NAGA
MINIMUM_STOPS,31586,2,KNJ,KRISHNA NAGA,STB,SHANTIPUR JN
MINIMUM_STOPS,3305,2,DHN,DHANBAD JN.,KDS,KUSUNDA
MINIMUM_STOPS,3306,2,KDS,KUSUNDA,DHN,DHANBAD JN.
MINIMUM_STOPS,36830,2,BWN,BARDDHAMAN J,HWH,HOWRAH JN.
MINIMUM_STOPS,37111,2,HWH,HOWRAH JN.,BRMH,BELURMATH
MINIMUM_STOPS,37113,2,HWH,HOWRAH JN.,BRMH,BELURMATH
MINIMUM_STOPS,37115,2,HWH,HOWRAH JN.,BRMH,BELURMATH
MINIMUM_STOPS,37117,2,HWH,HOWRAH JN.,BRMH,BELURMATH
MINIMUM_STOPS,37119,2,HWH,HOWRAH JN.,BRMH,BELURMATH
MINIMUM_STOPS,37121,2,HWH,HOWRAH JN.,BRMH,BELURMATH
MINIMUM_STOPS,40042,2,STM,ST. THOMAS M,MSB,CHENNAI BEAC
MINIMUM_STOPS,40044,2,PV,PALLAVARAM,MSB,CHENNAI BEAC
MINIMUM_STOPS,40052,2,TBM,TAMBARAM,MSB,CHENNAI BEAC
MINIMUM_STOPS,40074,2,TBM,TAMBARAM,MSB,CHENNAI BEAC
MINIMUM_STOPS,40076,2,TBM,TAMBARAM,MSB,CHENNAI BEAC
MINIMUM_STOPS,40078,2,TBM,TAMBARAM,MSB,CHENNAI BEAC
MINIMUM_STOPS,40080,2,TBM,TAMBARAM,MSB,CHENNAI BEAC
MINIMUM_STOPS,40082,2,TBM,TAMBARAM,MSB,CHENNAI BEAC
MINIMUM_STOPS,40084,2,TBM,TAMBARAM,MSB,CHENNAI BEAC
MINIMUM_STOPS,40086,2,TBM,TAMBARAM,MSB,CHENNAI BEAC
MINIMUM_STOPS,40088,2,TBM,TAMBARAM,MSB,CHENNAI BEAC
MINIMUM_STOPS,40090,2,TBM,TAMBARAM,MSB,CHENNAI BEAC
MINIMUM_STOPS,40092,2,TBM,TAMBARAM,MSB,CHENNAI BEAC
MINIMUM_STOPS,40094,2,TBM,TAMBARAM,MSB,CHENNAI BEAC
MINIMUM_STOPS,40096,2,TBM,TAMBARAM,MSB,CHENNAI BEAC
MINIMUM_STOPS,40098,2,TBM,TAMBARAM,MSB,CHENNAI BEAC
MINIMUM_STOPS,40100,2,TBM,TAMBARAM,MSB,CHENNAI BEAC
MINIMUM_STOPS,40102,2,TBM,TAMBARAM,MSB,CHENNAI BEAC
MINIMUM_STOPS,40104,2,TBM,TAMBARAM,MSB,CHENNAI BEAC
MINIMUM_STOPS,40106,2,TBM,TAMBARAM,MSB,CHENNAI BEAC
MINIMUM_STOPS,40108,2,TBM,TAMBARAM,MSB,CHENNAI BEAC
MINIMUM_STOPS,40110,2,TBM,TAMBARAM,MSB,CHENNAI BEAC
MINIMUM_STOPS,40112,2,TBM,TAMBARAM,MSB,CHENNAI BEAC
MINIMUM_STOPS,40114,2,TBM,TAMBARAM,MSB,CHENNAI BEAC
MINIMUM_STOPS,40116,2,TBM,TAMBARAM,MSB,CHENNAI BEAC
MINIMUM_STOPS,40118,2,TBM,TAMBARAM,MSB,CHENNAI BEAC
MINIMUM_STOPS,40120,2,TBM,TAMBARAM,MSB,CHENNAI BEAC
MINIMUM_STOPS,40122,2,TBM,TAMBARAM,MSB,CHENNAI BEAC
MINIMUM_STOPS,40124,2,TBM,TAMBARAM,MSB,CHENNAI BEAC
MINIMUM_STOPS,40126,2,TBM,TAMBARAM,MSB,CHENNAI BEAC
MINIMUM_STOPS,40128,2,TBM,TAMBARAM,MSB,CHENNAI BEAC
MINIMUM_STOPS,40130,2,TBM,TAMBARAM,MSB,CHENNAI BEAC
MINIMUM_STOPS,40132,2,TBM,TAMBARAM,MSB,CHENNAI BEAC
MINIMUM_STOPS,40134,2,TBM,TAMBARAM,MSB,CHENNAI BEAC
MINIMUM_STOPS,40136,2,TBM,TAMBARAM,MSB,CHENNAI BEAC
MINIMUM_STOPS,40144,2,TBM,TAMBARAM,MSB,CHENNAI BEAC
MINIMUM_STOPS,40146,2,TBM,TAMBARAM,MSB,CHENNAI BEAC
MINIMUM_STOPS,40148,2,TBM,TAMBARAM,MSB,CHENNAI BEAC
MINIMUM_STOPS,40150,2,TBM,TAMBARAM,MSB,CHENNAI BEAC
MINIMUM_STOPS,40154,2,TBM,TAMBARAM,MSB,CHENNAI BEAC
MINIMUM_STOPS,40156,2,TBM,TAMBARAM,MSB,CHENNAI BEAC
MINIMUM_STOPS,40158,2,TBM,TAMBARAM,MSB,CHENNAI BEAC
MINIMUM_STOPS,40302,2,TBM,TAMBARAM,MSB,CHENNAI BEAC
MINIMUM_STOPS,40304,2,TBM,TAMBARAM,MSB,CHENNAI BEAC
MINIMUM_STOPS,40306,2,TBM,TAMBARAM,MSB,CHENNAI BEAC
MINIMUM_STOPS,40308,2,TBM,TAMBARAM,MSB,CHENNAI BEAC
MINIMUM_STOPS,40310,2,TBM,TAMBARAM,MSB,CHENNAI BEAC
MINIMUM_STOPS,40314,2,TBM,TAMBARAM,MSB,CHENNAI BEAC
MINIMUM_STOPS,40316,2,TBM,TAMBARAM,MSB,CHENNAI BEAC
MINIMUM_STOPS,40318,2,TBM,TAMBARAM,MSB,CHENNAI BEAC
MINIMUM_STOPS,40320,2,TBM,TAMBARAM,MSB,CHENNAI BEAC
MINIMUM_STOPS,40322,2,TBM,TAMBARAM,MSB,CHENNAI BEAC
MINIMUM_STOPS,40326,2,TBM,TAMBARAM,MSB,CHENNAI BEAC
MINIMUM_STOPS,40328,2,TBM,TAMBARAM,MSB,CHENNAI BEAC
MINIMUM_STOPS,40330,2,TBM,TAMBARAM,MSB,CHENNAI BEAC
MINIMUM_STOPS,40332,2,TBM,TAMBARAM,MSB,CHENNAI BEAC
MINIMUM_STOPS,40334,2,TBM,TAMBARAM,MSB,CHENNAI BEAC
MINIMUM_STOPS,40336,2,TBM,TAMBARAM,MSB,CHENNAI BEAC
MINIMUM_STOPS,40338,2,TBM,TAMBARAM,MSB,CHENNAI BEAC
MINIMUM_STOPS,40340,2,TBM,TAMBARAM,MSB,CHENNAI BEAC
MINIMUM_STOPS,40342,2,TBM,TAMBARAM,MSB,CHENNAI BEAC
MINIMUM_STOPS,40346,2,TBM,TAMBARAM,MSB,CHENNAI BEAC
MINIMUM_STOPS,40348,2,TBM,TAMBARAM,MSB,CHENNAI BEAC
MINIMUM_STOPS,40350,2,TBM,TAMBARAM,MSB,CHENNAI BEAC
MINIMUM_STOPS,40352,2,TBM,TAMBARAM,MSB,CHENNAI BEAC
MINIMUM_STOPS,40354,2,TBM,TAMBARAM,MSB,CHENNAI BEAC
MINIMUM_STOPS,40356,2,TBM,TAMBARAM,MSB,CHENNAI BEAC
MINIMUM_STOPS,40358,2,TBM,TAMBARAM,MSB,CHENNAI BEAC
MINIMUM_STOPS,40360,2,TBM,TAMBARAM,MSB,CHENNAI BEAC
MINIMUM_STOPS,40362,2,TBM,TAMBARAM,MSB,CHENNAI BEAC
MINIMUM_STOPS,40364,2,TBM,TAMBARAM,MSB,CHENNAI BEAC
MINIMUM_STOPS,40366,2,TBM,TAMBARAM,MSB,CHENNAI BEAC
MINIMUM_STOPS,40368,2,TBM,TAMBARAM,MSB,CHENNAI BEAC
MINIMUM_STOPS,40370,2,TBM,TAMBARAM,MSB,CHENNAI BEAC
MINIMUM_STOPS,40374,2,TBM,TAMBARAM,MSB,CHENNAI BEAC
MINIMUM_STOPS,40376,2,TBM,TAMBARAM,MSB,CHENNAI BEAC
MINIMUM_STOPS,40378,2,TBM,TAMBARAM,MSB,CHENNAI BEAC
MINIMUM_STOPS,40380,2,TBM,TAMBARAM,MSB,CHENNAI BEAC
MINIMUM_STOPS,40382,2,TBM,TAMBARAM,MSB,CHENNAI BEAC
MINIMUM_STOPS,40384,2,TBM,TAMBARAM,MSB,CHENNAI BEAC
MINIMUM_STOPS,40386,2,TBM,TAMBARAM,MSB,CHENNAI BEAC
MINIMUM_STOPS,40388,2,TBM,TAMBARAM,MSB,CHENNAI BEAC
MINIMUM_STOPS,40390,2,TBM,TAMBARAM,MSB,CHENNAI BEAC
MINIMUM_STOPS,40392,2,TBM,TAMBARAM,MSB,CHENNAI BEAC
MINIMUM_STOPS,40394,2,TBM,TAMBARAM,MSB,CHENNAI BEAC
MINIMUM_STOPS,40396,2,TBM,TAMBARAM,MSB,CHENNAI BEAC
MINIMUM_STOPS,40398,2,TBM,TAMBARAM,MSB,CHENNAI BEAC
MINIMUM_STOPS,40400,2,TBM,TAMBARAM,MSB,CHENNAI BEAC
MINIMUM_STOPS,40402,2,TBM,TAMBARAM,MSB,CHENNAI BEAC
MINIMUM_STOPS,40404,2,TBM,TAMBARAM,MSB,CHENNAI BEAC
MINIMUM_STOPS,40406,2,TBM,TAMBARAM,MSB,CHENNAI BEAC
MINIMUM_STOPS,40408,2,TBM,TAMBARAM,MSB,CHENNAI BEAC
MINIMUM_STOPS,40410,2,TBM,TAMBARAM,MSB,CHENNAI BEAC
MINIMUM_STOPS,40412,2,TBM,TAMBARAM,MSB,CHENNAI BEAC
MINIMUM_STOPS,40414,2,TBM,TAMBARAM,MSB,CHENNAI BEAC
MINIMUM_STOPS,40416,2,TBM,TAMBARAM,MSB,CHENNAI BEAC
MINIMUM_STOPS,40420,2,TBM,TAMBARAM,MSB,CHENNAI BEAC
MINIMUM_STOPS,40422,2,TBM,TAMBARAM,MSB,CHENNAI BEAC
MINIMUM_STOPS,40501,2,MSB,CHENNAI BEAC,CGL,CHENGALPATTU
MINIMUM_STOPS,40502,2,CGL,CHENGALPATTU,MSB,CHENNAI BEAC
MINIMUM_STOPS,40503,2,MSB,CHENNAI BEAC,CGL,CHENGALPATTU
MINIMUM_STOPS,40505,2,MSB,CHENNAI BEAC,CGL,CHENGALPATTU
MINIMUM_STOPS,40507,2,MSB,CHENNAI BEAC,CGL,CHENGALPATTU
MINIMUM_STOPS,40510,2,CGL,CHENGALPATTU,MSB,CHENNAI BEAC
MINIMUM_STOPS,40511,2,MSB,CHENNAI BEAC,CGL,CHENGALPATTU
MINIMUM_STOPS,40513,2,MSB,CHENNAI BEAC,CGL,CHENGALPATTU
MINIMUM_STOPS,40515,2,MSB,CHENNAI BEAC,CGL,CHENGALPATTU
MINIMUM_STOPS,40516,2,CGL,CHENGALPATTU,MSB,CHENNAI BEAC
MINIMUM_STOPS,40517,2,MSB,CHENNAI BEAC,CGL,CHENGALPATTU
MINIMUM_STOPS,40520,2,CGL,CHENGALPATTU,MSB,CHENNAI BEAC
MINIMUM_STOPS,40522,2,CGL,CHENGALPATTU,MSB,CHENNAI BEAC
MINIMUM_STOPS,40523,2,MSB,CHENNAI BEAC,CGL,CHENGALPATTU
MINIMUM_STOPS,40527,2,MSB,CHENNAI BEAC,CGL,CHENGALPATTU
MINIMUM_STOPS,40528,2,CGL,CHENGALPATTU,MSB,CHENNAI BEAC
MINIMUM_STOPS,40535,2,MSB,CHENNAI BEAC,CGL,CHENGALPATTU
MINIMUM_STOPS,40536,2,CGL,CHENGALPATTU,MSB,CHENNAI BEAC
MINIMUM_STOPS,40538,2,CGL,CHENGALPATTU,MSB,CHENNAI BEAC
MINIMUM_STOPS,40540,2,CGL,CHENGALPATTU,MSB,CHENNAI BEAC
MINIMUM_STOPS,40541,2,MSB,CHENNAI BEAC,CGL,CHENGALPATTU
MINIMUM_STOPS,40542,2,CGL,CHENGALPATTU,MSB,CHENNAI BEAC
MINIMUM_STOPS,40544,2,CGL,CHENGALPATTU,MSB,CHENNAI BEAC
MINIMUM_STOPS,40548,2,CGL,CHENGALPATTU,MSB,CHENNAI BEAC
MINIMUM_STOPS,40552,2,CGL,CHENGALPATTU,MSB,CHENNAI BEAC
MINIMUM_STOPS,40554,2,CGL,CHENGALPATTU,MSB,CHENNAI BEAC
MINIMUM_STOPS,40557,2,MSB,CHENNAI BEAC,CGL,CHENGALPATTU
MINIMUM_STOPS,40563,2,MSB,CHENNAI BEAC,CGL,CHENGALPATTU
MINIMUM_STOPS,40564,2,CGL,CHENGALPATTU,MSB,CHENNAI BEAC
MINIMUM_STOPS,40566,2,CGL,CHENGALPATTU,MSB,CHENNAI BEAC
MINIMUM_STOPS,40572,2,CGL,CHENGALPATTU,MSB,CHENNAI BEAC
MINIMUM_STOPS,40607,2,MSB,CHENNAI BEAC,CGL,CHENGALPATTU
MINIMUM_STOPS,40613,2,MSB,CHENNAI BEAC,CGL,CHENGALPATTU
MINIMUM_STOPS,40614,2,CGL,CHENGALPATTU,MSB,CHENNAI BEAC
MINIMUM_STOPS,40616,2,CGL,CHENGALPATTU,MSB,CHENNAI BEAC
MINIMUM_STOPS,40617,2,MSB,CHENNAI BEAC,CGL,CHENGALPATTU
MINIMUM_STOPS,40619,2,MSB,CHENNAI BEAC,CGL,CHENGALPATTU
MINIMUM_STOPS,40621,2,MSB,CHENNAI BEAC,CGL,CHENGALPATTU
MINIMUM_STOPS,40622,2,CGL,CHENGALPATTU,MSB,CHENNAI BEAC
MINIMUM_STOPS,40623,2,MSB,CHENNAI BEAC,CGL,CHENGALPATTU
MINIMUM_STOPS,40624,2,CGL,CHENGALPATTU,MSB,CHENNAI BEAC
MINIMUM_STOPS,40626,2,CGL,CHENGALPATTU,MSB,CHENNAI BEAC
MINIMUM_STOPS,40627,2,MSB,CHENNAI BEAC,CGL,CHENGALPATTU
MINIMUM_STOPS,40629,2,MSB,CHENNAI BEAC,CGL,CHENGALPATTU
MINIMUM_STOPS,40632,2,CGL,CHENGALPATTU,MSB,CHENNAI BEAC
MINIMUM_STOPS,40633,2,MSB,CHENNAI BEAC,CGL,CHENGALPATTU
MINIMUM_STOPS,40634,2,CGL,CHENGALPATTU,MSB,CHENNAI BEAC
MINIMUM_STOPS,40635,2,MSB,CHENNAI BEAC,CGL,CHENGALPATTU
MINIMUM_STOPS,40638,2,CGL,CHENGALPATTU,MSB,CHENNAI BEAC
MINIMUM_STOPS,40639,2,MSB,CHENNAI BEAC,CGL,CHENGALPATTU
MINIMUM_STOPS,40641,2,MSB,CHENNAI BEAC,CGL,CHENGALPATTU
MINIMUM_STOPS,40642,2,CGL,CHENGALPATTU,MSB,CHENNAI BEAC
MINIMUM_STOPS,40646,2,CGL,CHENGALPATTU,MSB,CHENNAI BEAC
MINIMUM_STOPS,40648,2,CGL,CHENGALPATTU,MSB,CHENNAI BEAC
MINIMUM_STOPS,40651,2,MSB,CHENNAI BEAC,CGL,CHENGALPATTU
MINIMUM_STOPS,40652,2,CGL,CHENGALPATTU,MSB,CHENNAI BEAC
MINIMUM_STOPS,40653,2,MSB,CHENNAI BEAC,CGL,CHENGALPATTU
MINIMUM_STOPS,40654,2,CGL,CHENGALPATTU,MSB,CHENNAI BEAC
MINIMUM_STOPS,40657,2,MSB,CHENNAI BEAC,CGL,CHENGALPATTU
MINIMUM_STOPS,40658,2,CGL,CHENGALPATTU,MSB,CHENNAI BEAC
MINIMUM_STOPS,40659,2,MSB,CHENNAI BEAC,CGL,CHENGALPATTU
MINIMUM_STOPS,40661,2,MSB,CHENNAI BEAC,CGL,CHENGALPATTU
MINIMUM_STOPS,40663,2,MSB,CHENNAI BEAC,CGL,CHENGALPATTU
MINIMUM_STOPS,40664,2,CGL,CHENGALPATTU,MSB,CHENNAI BEAC
MINIMUM_STOPS,40666,2,CGL,CHENGALPATTU,MSB,CHENNAI BEAC
MINIMUM_STOPS,40761,2,MSB,CHENNAI BEAC,TMLP,TIRUMALPUR
MINIMUM_STOPS,41086,2,VLCY,VELACHEERY,MSB,CHENNAI BEAC
MINIMUM_STOPS,41511,2,MSB,CHENNAI BEAC,VLCY,VELACHEERY
MINIMUM_STOPS,41531,2,MSB,CHENNAI BEAC,VLCY,VELACHEERY
MINIMUM_STOPS,42451,2,GPD,GUMMIDIPUNDI,SPE,SULLURUPETTA
MINIMUM_STOPS,43551,2,AJJ,ARAKKONAM JN,TRT,TIRUTTANI
MINIMUM_STOPS,43552,2,TRT,TIRUTTANI,AJJ,ARAKKONAM JN
MINIMUM_STOPS,43554,2,TRT,TIRUTTANI,AJJ,ARAKKONAM JN
MINIMUM_STOPS,43556,2,TRT,TIRUTTANI,AJJ,ARAKKONAM JN
MINIMUM_STOPS,43611,2,MSB,CHENNAI BEAC,AVD,AVADI
MINIMUM_STOPS,43844,2,AJJ,ARAKKONAM JN,AVD,AVADI
MINIMUM_STOPS,43921,2,TRL,TIRUVALLUR,KBT,KADAMBATTUR
MINIMUM_STOPS,51135,2,BD,BADNERA JN.,AMI,AMRAVATI
MINIMUM_STOPS,51136,2,AMI,AMRAVATI,BD,BADNERA JN.
MINIMUM_STOPS,51137,2,BD,BADNERA JN.,AMI,AMRAVATI
MINIMUM_STOPS,51138,2,AMI,AMRAVATI,BD,BADNERA JN.
MINIMUM_STOPS,51139,2,BD,BADNERA JN.,AMI,AMRAVATI
MINIMUM_STOPS,51140,2,AMI,AMRAVATI,BD,BADNERA JN.
MINIMUM_STOPS,51141,2,BD,BADNERA JN.,AMI,AMRAVATI
MINIMUM_STOPS,51142,2,AMI,AMRAVATI,BD,BADNERA JN.
MINIMUM_STOPS,51145,2,BD,BADNERA JN.,AMI,AMRAVATI
MINIMUM_STOPS,51146,2,AMI,AMRAVATI,BD,BADNERA JN.
MINIMUM_STOPS,51147,2,BD,BADNERA JN.,AMI,AMRAVATI
MINIMUM_STOPS,51148,2,AMI,AMRAVATI,BD,BADNERA JN.
MINIMUM_STOPS,51149,2,BD,BADNERA JN.,AMI,AMRAVATI
MINIMUM_STOPS,51150,2,AMI,AMRAVATI,BD,BADNERA JN.
MINIMUM_STOPS,51458,2,DWR,DHARWAD,UBL,HUBLI JN.
MINIMUM_STOPS,51861,2,AIT,AIT JN,KNH,KONCH
MINIMUM_STOPS,51862,2,KNH,KONCH,AIT,AIT JN
MINIMUM_STOPS,51863,2,AIT,AIT JN,KNH,KONCH
MINIMUM_STOPS,51864,2,KNH,KONCH,AIT,AIT JN
MINIMUM_STOPS,51865,2,AIT,AIT JN,KNH,KONCH
MINIMUM_STOPS,51866,2,KNH,KONCH,AIT,AIT JN
MINIMUM_STOPS,51867,2,AIT,AIT JN,KNH,KONCH
MINIMUM_STOPS,51868,2,KNH,KONCH,AIT,AIT JN
MINIMUM_STOPS,51869,2,AIT,AIT JN,KNH,KONCH
MINIMUM_STOPS,51870,2,KNH,KONCH,AIT,AIT JN
MINIMUM_STOPS,53481,2,TPH,TINPAHAR JN.,RJL,RAJMAHAL
MINIMUM_STOPS,53482,2,RJL,RAJMAHAL,TPH,TINPAHAR JN.
MINIMUM_STOPS,53483,2,TPH,TINPAHAR JN.,RJL,RAJMAHAL
MINIMUM_STOPS,53484,2,RJL,RAJMAHAL,TPH,TINPAHAR JN.
MINIMUM_STOPS,53485,2,TPH,TINPAHAR JN.,RJL,RAJMAHAL
MINIMUM_STOPS,53486,2,RJL,RAJMAHAL,TPH,TINPAHAR JN.
MINIMUM_STOPS,53487,2,TPH,TINPAHAR JN.,RJL,RAJMAHAL
MINIMUM_STOPS,53488,2,RJL,RAJMAHAL,TPH,TINPAHAR JN.
MINIMUM_STOPS,53489,2,TPH,TINPAHAR JN.,RJL,RAJMAHAL
MINIMUM_STOPS,53490,2,RJL,RAJMAHAL,TPH,TINPAHAR JN.
MINIMUM_STOPS,53491,2,TPH,TINPAHAR JN.,RJL,RAJMAHAL
MINIMUM_STOPS,53492,2,RJL,RAJMAHAL,TPH,TINPAHAR JN.
MINIMUM_STOPS,53493,2,TPH,TINPAHAR JN.,RJL,RAJMAHAL
MINIMUM_STOPS,53494,2,RJL,RAJMAHAL,TPH,TINPAHAR JN.
MINIMUM_STOPS,53495,2,TPH,TINPAHAR JN.,RJL,RAJMAHAL
MINIMUM_STOPS,53496,2,RJL,RAJMAHAL,TPH,TINPAHAR JN.
MINIMUM_STOPS,54822,2,MKN,MAKRANA JN.,PBC,PARVATSAR CI
MINIMUM_STOPS,55171,2,DDA,DURAUNDHA JN,MGZ,MAHARAJGANJ
MINIMUM_STOPS,55172,2,MGZ,MAHARAJGANJ,DDA,DURAUNDHA JN
MINIMUM_STOPS,55173,2,DDA,DURAUNDHA JN,MGZ,MAHARAJGANJ
MINIMUM_STOPS,55174,2,MGZ,MAHARAJGANJ,DDA,DURAUNDHA JN
MINIMUM_STOPS,55175,2,DDA,DURAUNDHA JN,MGZ,MAHARAJGANJ
MINIMUM_STOPS,55176,2,MGZ,MAHARAJGANJ,DDA,DURAUNDHA JN
MINIMUM_STOPS,55177,2,DDA,DURAUNDHA JN,MGZ,MAHARAJGANJ
MINIMUM_STOPS,55178,2,MGZ,MAHARAJGANJ,DDA,DURAUNDHA JN
MINIMUM_STOPS,55179,2,DDA,DURAUNDHA JN,MGZ,MAHARAJGANJ
MINIMUM_STOPS,55180,2,MGZ,MAHARAJGANJ,DDA,DURAUNDHA JN
MINIMUM_STOPS,557,2,URK,URKURA,PJP,PANJIPARA
MINIMUM_STOPS,56719,2,NCJ,NAGERCOIL JN,CAPE,KANNIYAKUMAR
MINIMUM_STOPS,5715,2,NJP,NEW JALPAIGU,KNE,KISHANGANJ
MINIMUM_STOPS,5716,2,KNE,KISHANGANJ,NJP,NEW JALPAIGU
MINIMUM_STOPS,63167,2,JSME,JASIDIH JN.,BDME,BAIDYANATHDH
MINIMUM_STOPS,63168,2,BDME,BAIDYANATHDH,JSME,JASIDIH JN.
MINIMUM_STOPS,64585,2,HRF,HATHRAS QILA,HRS,HATHRAS JN.
MINIMUM_STOPS,64586,2,HRS,HATHRAS JN.,HRF,HATHRAS QILA
MINIMUM_STOPS,68643,2,KGP,KHARAGPUR,HIJ,HIJLI
MINIMUM_STOPS,68644,2,HIJ,HIJLI,KGP,KHARAGPUR
MINIMUM_STOPS,68645,2,KGP,KHARAGPUR,HIJ,HIJLI
MINIMUM_STOPS,68646,2,HIJ,HIJLI,KGP,KHARAGPUR
MINIMUM_STOPS,73901,2,JMP,JAMALPUR JN.,DNRE,DHANAURI
MINIMUM_STOPS,73902,2,DNRE,DHANAURI,JMP,JAMALPUR JN.
MINIMUM_STOPS,73903,2,JMP,JAMALPUR JN.,DNRE,DHANAURI
MINIMUM_STOPS,73904,2,DNRE,DHANAURI,JMP,JAMALPUR JN.
MINIMUM_STOPS,73905,2,JMP,JAMALPUR JN.,DNRE,DHANAURI
MINIMUM_STOPS,73912,2,JMP,JAMALPUR JN.,SGG,SULTANGANJ
MINIMUM_STOPS,73913,2,SGG,SULTANGANJ,JMP,JAMALPUR JN.
MINIMUM_STOPS,73916,2,JMP,JAMALPUR JN.,SGG,SULTANGANJ
MINIMUM_STOPS,74801,2,MEC,MERTA CITY,MTD,MERTA ROAD J
MINIMUM_STOPS,74802,2,MTD,MERTA ROAD J,MEC,MERTA CITY
MINIMUM_STOPS,74803,2,MEC,MERTA CITY,MTD,MERTA ROAD J
MINIMUM_STOPS,74804,2,MTD,MERTA ROAD J,MEC,MERTA CITY
MINIMUM_STOPS,74805,2,MEC,MERTA CITY,MTD,MERTA ROAD J
MINIMUM_STOPS,74806,2,MTD,MERTA ROAD J,MEC,MERTA CITY
MINIMUM_STOPS,74807,2,MEC,MERTA CITY,MTD,MERTA ROAD J
MINIMUM_STOPS,74808,2,MTD,MERTA ROAD J,MEC,MERTA CITY
MINIMUM_STOPS,74809,2,MEC,MERTA CITY,MTD,MERTA ROAD J
MINIMUM_STOPS,74810,2,MTD,MERTA ROAD J,MEC,MERTA CITY
MINIMUM_STOPS,74811,2,MEC,MERTA CITY,MTD,MERTA ROAD J
MINIMUM_STOPS,74812,2,MTD,MERTA ROAD J,MEC,MERTA CITY
MINIMUM_STOPS,74813,2,MEC,MERTA CITY,MTD,MERTA ROAD J
MINIMUM_STOPS,74814,2,MTD,MERTA ROAD J,MEC,MERTA CITY
MINIMUM_STOPS,74815,2,MEC,MERTA CITY,MTD,MERTA ROAD J
MINIMUM_STOPS,74816,2,MTD,MERTA ROAD J,MEC,MERTA CITY
MINIMUM_STOPS,74817,2,MEC,MERTA CITY,MTD,MERTA ROAD J
MINIMUM_STOPS,74818,2,MTD,MERTA ROAD J,MEC,MERTA CITY
MINIMUM_STOPS,74941,2,NRO,NAKODAR JN.,JUC,JALANDHAR CI
MINIMUM_STOPS,74942,2,JUC,JALANDHAR CI,NRO,NAKODAR JN.
MINIMUM_STOPS,74943,2,NRO,NAKODAR JN.,JUC,JALANDHAR CI
MINIMUM_STOPS,74944,2,JUC,JALANDHAR CI,NRO,NAKODAR JN.
MINIMUM_STOPS,74945,2,NRO,NAKODAR JN.,JUC,JALANDHAR CI
MINIMUM_STOPS,74946,2,JUC,JALANDHAR CI,NRO,NAKODAR JN.
MINIMUM_STOPS,74947,2,NRO,NAKODAR JN.,JUC,JALANDHAR CI
MINIMUM_STOPS,74948,2,JUC,JALANDHAR CI,NRO,NAKODAR JN.
MINIMUM_STOPS,76501,2,BWT,BANGARPET JN,KQZ,KOLAR
MINIMUM_STOPS,76502,2,KQZ,KOLAR,BWT,BANGARPET JN
MINIMUM_STOPS,76503,2,BWT,BANGARPET JN,KQZ,KOLAR
MINIMUM_STOPS,76504,2,KQZ,KOLAR,BWT,BANGARPET JN
MINIMUM_STOPS,76814,2,VLNK,VELANKANNI,NGT,NAGAPPATTINA
MINIMUM_STOPS,76817,2,NGT,NAGAPPATTINA,VLNK,VELANKANNI
MINIMUM_STOPS,79457,2,SUNR,SURENDRANAGA,DHG,DHRANGADHRA
MINIMUM_STOPS,79458,2,DHG,DHRANGADHRA,SUNR,SURENDRANAGA
MINIMUM_STOPS,79459,2,SUNR,SURENDRANAGA,DHG,DHRANGADHRA
MINIMUM_STOPS,79460,2,DHG,DHRANGADHRA,SUNR,SURENDRANAGA
MINIMUM_STOPS,79481,2,VJF,VIJAPUR,AJM,ADRAJ MOTI
MINIMUM_STOPS,79482,2,AJM,ADRAJ MOTI,VJF,VIJAPUR
MINIMUM_STOPS,79483,2,VJF,VIJAPUR,AJM,ADRAJ MOTI
MINIMUM_STOPS,79484,2,AJM,ADRAJ MOTI,VJF,VIJAPUR
MINIMUM_STOPS,79485,2,VJF,VIJAPUR,UMNF,AMBLIYASAN J
MINIMUM_STOPS,79486,2,UMNF,AMBLIYASAN J,VJF,VIJAPUR
MINIMUM_STOPS,79487,2,VJF,VIJAPUR,UMNF,AMBLIYASAN J
MINIMUM_STOPS,79488,2,UMNF,AMBLIYASAN J,VJF,VIJAPUR
MINIMUM_STOPS,79489,2,VJF,VIJAPUR,UMNF,AMBLIYASAN J
MINIMUM_STOPS,79490,2,UMNF,AMBLIYASAN J,VJF,VIJAPUR
MINIMUM_STOPS,8001,2,KGP,KHARAGPUR,JGM,JHARGRAM
MINIMUM_STOPS,8002,2,JGM,JHARGRAM,KGP,KHARAGPUR
MINIMUM_STOPS,8581,2,BPQ,BALHARSHAH,CAF,CHANDAFORT
MINIMUM_STOPS,8582,2,CAF,CHANDAFORT,BPQ,BALHARSHAH
MINIMUM_STOPS,90540,2,VR,VIRAR,CCG,CHURCHGATE
MINIMUM_STOPS,90981,2,CCG,CHURCHGATE,VR,VIRAR
MINIMUM_STOPS,91392,2,RVJ,RAVLI JN,CSMT,CST-MUMBAI
MINIMUM_STOPS,91393,2,CSMT,CST-MUMBAI,RVJ,RAVLI JN
MINIMUM_STOPS,91394,2,RVJ,RAVLI JN,CSMT,CST-MUMBAI
MINIMUM_STOPS,91395,2,CSMT,CST-MUMBAI,RVJ,RAVLI JN
MINIMUM_STOPS,91396,2,RVJ,RAVLI JN,CSMT,CST-MUMBAI
MINIMUM_STOPS,91491,2,CSMT,CST-MUMBAI,RVJ,RAVLI JN
MINIMUM_STOPS,93001,2,VR,VIRAR,DRD,DAHANU ROAD
MINIMUM_STOPS,93002,2,DRD,DAHANU ROAD,ADH,ANDHERI
MINIMUM_STOPS,93003,2,VR,VIRAR,DRD,DAHANU ROAD
MINIMUM_STOPS,93004,2,DRD,DAHANU ROAD,VR,VIRAR
MINIMUM_STOPS,93005,2,CCG,CHURCHGATE,DRD,DAHANU ROAD
MINIMUM_STOPS,93006,2,DRD,DAHANU ROAD,CCG,CHURCHGATE
MINIMUM_STOPS,93007,2,CCG,CHURCHGATE,DRD,DAHANU ROAD
MINIMUM_STOPS,93008,2,DRD,DAHANU ROAD,BVI,BORIVLI
MINIMUM_STOPS,93009,2,ADH,ANDHERI,DRD,DAHANU ROAD
MINIMUM_STOPS,93010,2,DRD,DAHANU ROAD,VR,VIRAR
MINIMUM_STOPS,93011,2,VR,VIRAR,DRD,DAHANU ROAD
MINIMUM_STOPS,93012,2,DRD,DAHANU ROAD,VR,VIRAR
MINIMUM_STOPS,93013,2,BVI,BORIVLI,DRD,DAHANU ROAD
MINIMUM_STOPS,93014,2,DRD,DAHANU ROAD,VR,VIRAR
MINIMUM_STOPS,93015,2,CCG,CHURCHGATE,DRD,DAHANU ROAD
MINIMUM_STOPS,93016,2,DRD,DAHANU ROAD,CCG,CHURCHGATE
MINIMUM_STOPS,93017,2,VR,VIRAR,DRD,DAHANU ROAD
MINIMUM_STOPS,93018,2,DRD,DAHANU ROAD,VR,VIRAR
MINIMUM_STOPS,93019,2,VR,VIRAR,DRD,DAHANU ROAD
MINIMUM_STOPS,93020,2,DRD,DAHANU ROAD,DDR,DADAR
MINIMUM_STOPS,93021,2,VR,VIRAR,DRD,DAHANU ROAD
MINIMUM_STOPS,93022,2,DRD,DAHANU ROAD,DDR,DADAR
MINIMUM_STOPS,93023,2,VR,VIRAR,DRD,DAHANU ROAD
MINIMUM_STOPS,93024,2,DRD,DAHANU ROAD,VR,VIRAR
MINIMUM_STOPS,93025,2,CCG,CHURCHGATE,DRD,DAHANU ROAD
MINIMUM_STOPS,93026,2,DRD,DAHANU ROAD,CCG,CHURCHGATE
MINIMUM_STOPS,93027,2,DDR,DADAR,DRD,DAHANU ROAD
MINIMUM_STOPS,93028,2,DRD,DAHANU ROAD,CCG,CHURCHGATE
MINIMUM_STOPS,93029,2,DDR,DADAR,DRD,DAHANU ROAD
MINIMUM_STOPS,93030,2,DRD,DAHANU ROAD,CCG,CHURCHGATE
MINIMUM_STOPS,93032,2,DRD,DAHANU ROAD,VR,VIRAR
MINIMUM_STOPS,93033,2,CCG,CHURCHGATE,DRD,DAHANU ROAD
MINIMUM_STOPS,95302,2,ABH,AMBERNATH,KYN,KALYAN JN
MINIMUM_STOPS,95304,2,ABH,AMBERNATH,KYN,KALYAN JN
MINIMUM_STOPS,95306,2,ABH,AMBERNATH,KYN,KALYAN JN
MINIMUM_STOPS,95308,2,ABH,AMBERNATH,KYN,KALYAN JN
MINIMUM_STOPS,95310,2,ABH,AMBERNATH,KYN,KALYAN JN
MINIMUM_STOPS,95312,2,ABH,AMBERNATH,KYN,KALYAN JN
MINIMUM_STOPS,95314,2,ABH,AMBERNATH,KYN,KALYAN JN
MINIMUM_STOPS,95316,2,ABH,AMBERNATH,KYN,KALYAN JN
MINIMUM_STOPS,95318,2,ABH,AMBERNATH,KYN,KALYAN JN
MINIMUM_STOPS,95320,2,ABH,AMBERNATH,KYN,KALYAN JN
MINIMUM_STOPS,95322,2,ABH,AMBERNATH,KYN,KALYAN JN
MINIMUM_STOPS,95324,2,ABH,AMBERNATH,KYN,KALYAN JN
MINIMUM_STOPS,95326,2,ABH,AMBERNATH,KYN,KALYAN JN
MINIMUM_STOPS,95328,2,ABH,AMBERNATH,KYN,KALYAN JN
MINIMUM_STOPS,95330,2,ABH,AMBERNATH,KYN,KALYAN JN
MINIMUM_STOPS,95332,2,ABH,AMBERNATH,KYN,KALYAN JN
MINIMUM_STOPS,95334,2,ABH,AMBERNATH,KYN,KALYAN JN
MINIMUM_STOPS,95336,2,ABH,AMBERNATH,KYN,KALYAN JN
MINIMUM_STOPS,95338,2,ABH,AMBERNATH,KYN,KALYAN JN
MINIMUM_STOPS,95340,2,ABH,AMBERNATH,KYN,KALYAN JN
MINIMUM_STOPS,95342,2,ABH,AMBERNATH,KYN,KALYAN JN
MINIMUM_STOPS,95602,2,TLA,TITVALA,KYN,KALYAN JN
MINIMUM_STOPS,95604,2,TLA,TITVALA,KYN,KALYAN JN
MINIMUM_STOPS,95606,2,TLA,TITVALA,KYN,KALYAN JN
MINIMUM_STOPS,95608,2,TLA,TITVALA,KYN,KALYAN JN
MINIMUM_STOPS,95610,2,TLA,TITVALA,KYN,KALYAN JN
MINIMUM_STOPS,95612,2,TLA,TITVALA,KYN,KALYAN JN
MINIMUM_STOPS,95614,2,TLA,TITVALA,KYN,KALYAN JN
MINIMUM_STOPS,95616,2,TLA,TITVALA,KYN,KALYAN JN
MINIMUM_STOPS,95740,2,KYN,KALYAN JN,CSMT,CST-MUMBAI
MINIMUM_STOPS,96001,2,KJT,KARJAT,PDI,PALASDARI
MINIMUM_STOPS,96002,2,PDI,PALASDARI,KJT,KARJAT
MINIMUM_STOPS,96004,2,PDI,PALASDARI,KJT,KARJAT
MINIMUM_STOPS,96005,2,KJT,KARJAT,PDI,PALASDARI
MINIMUM_STOPS,96006,2,PDI,PALASDARI,KJT,KARJAT
MINIMUM_STOPS,96007,2,KJT,KARJAT,PDI,PALASDARI
MINIMUM_STOPS,96008,2,PDI,PALASDARI,KJT,KARJAT
MINIMUM_STOPS,96009,2,KJT,KARJAT,PDI,PALASDARI
MINIMUM_STOPS,96010,2,PDI,PALASDARI,KJT,KARJAT
MINIMUM_STOPS,96011,2,KJT,KARJAT,PDI,PALASDARI
MINIMUM_STOPS,96012,2,PDI,PALASDARI,KJT,KARJAT
MINIMUM_STOPS,96013,2,KJT,KARJAT,PDI,PALASDARI
MINIMUM_STOPS,96014,2,PDI,PALASDARI,KJT,KARJAT
MINIMUM_STOPS,96015,2,KJT,KARJAT,PDI,PALASDARI
MINIMUM_STOPS,96016,2,PDI,PALASDARI,KJT,KARJAT
MINIMUM_STOPS,96017,2,KJT,KARJAT,PDI,PALASDARI
MINIMUM_STOPS,96018,2,PDI,PALASDARI,KJT,KARJAT
MINIMUM_STOPS,96022,2,PDI,PALASDARI,KJT,KARJAT
MINIMUM_STOPS,96302,2,ABH,AMBERNATH,KYN,KALYAN JN
MINIMUM_STOPS,96304,2,ABH,AMBERNATH,KYN,KALYAN JN
MINIMUM_STOPS,96306,2,ABH,AMBERNATH,KYN,KALYAN JN
MINIMUM_STOPS,96308,2,ABH,AMBERNATH,KYN,KALYAN JN
MINIMUM_STOPS,96310,2,ABH,AMBERNATH,KYN,KALYAN JN
MINIMUM_STOPS,96312,2,ABH,AMBERNATH,KYN,KALYAN JN
MINIMUM_STOPS,96314,2,ABH,AMBERNATH,KYN,KALYAN JN
MINIMUM_STOPS,96316,2,ABH,AMBERNATH,KYN,KALYAN JN
MINIMUM_STOPS,96318,2,ABH,AMBERNATH,KYN,KALYAN JN
MINIMUM_STOPS,96320,2,ABH,AMBERNATH,KYN,KALYAN JN
MINIMUM_STOPS,96322,2,ABH,AMBERNATH,KYN,KALYAN JN
MINIMUM_STOPS,96324,2,ABH,AMBERNATH,KYN,KALYAN JN
MINIMUM_STOPS,96326,2,ABH,AMBERNATH,KYN,KALYAN JN
MINIMUM_STOPS,96328,2,ABH,AMBERNATH,KYN,KALYAN JN
MINIMUM_STOPS,96330,2,ABH,AMBERNATH,KYN,KALYAN JN
MINIMUM_STOPS,96332,2,ABH,AMBERNATH,KYN,KALYAN JN
MINIMUM_STOPS,96334,2,ABH,AMBERNATH,KYN,KALYAN JN
MINIMUM_STOPS,96602,2,TLA,TITVALA,KYN,KALYAN JN
MINIMUM_STOPS,96604,2,TLA,TITVALA,KYN,KALYAN JN
MINIMUM_STOPS,96606,2,TLA,TITVALA,KYN,KALYAN JN
MINIMUM_STOPS,96608,2,TLA,TITVALA,KYN,KALYAN JN
MINIMUM_STOPS,96610,2,TLA,TITVALA,KYN,KALYAN JN
MINIMUM_STOPS,96612,2,TLA,TITVALA,KYN,KALYAN JN
MINIMUM_STOPS,96614,2,TLA,TITVALA,KYN,KALYAN JN
MINIMUM_STOPS,96616,2,TLA,TITVALA,KYN,KALYAN JN
MINIMUM_STOPS,96618,2,TLA,TITVALA,KYN,KALYAN JN
MINIMUM_STOPS,96620,2,TLA,TITVALA,KYN,KALYAN JN
MINIMUM_STOPS,96622,2,TLA,TITVALA,KYN,KALYAN JN
MINIMUM_STOPS,96624,2,TLA,TITVALA,KYN,KALYAN JN
MINIMUM_STOPS,96626,2,TLA,TITVALA,KYN,KALYAN JN
MINIMUM_STOPS,96628,2,TLA,TITVALA,KYN,KALYAN JN
MINIMUM_STOPS,96630,2,TLA,TITVALA,KYN,KALYAN JN
MINIMUM_STOPS,96632,2,TLA,TITVALA,KYN,KALYAN JN
MINIMUM_STOPS,96634,2,TLA,TITVALA,KYN,KALYAN JN
MINIMUM_STOPS,96636,2,TLA,TITVALA,KYN,KALYAN JN
MINIMUM_STOPS,96638,2,TLA,TITVALA,KYN,KALYAN JN
MINIMUM_STOPS,96640,2,TLA,TITVALA,KYN,KALYAN JN
MINIMUM_STOPS,96642,2,TLA,TITVALA,KYN,KALYAN JN
MINIMUM_STOPS,96644,2,TLA,TITVALA,KYN,KALYAN JN
MINIMUM_STOPS,96646,2,TLA,TITVALA,KYN,KALYAN JN
MINIMUM_STOPS,96648,2,TLA,TITVALA,KYN,KALYAN JN
MINIMUM_STOPS,96650,2,TLA,TITVALA,KYN,KALYAN JN
MINIMUM_STOPS,96652,2,TLA,TITVALA,KYN,KALYAN JN
MINIMUM_STOPS,96654,2,TLA,TITVALA,KYN,KALYAN JN
MINIMUM_STOPS,96656,2,TLA,TITVALA,KYN,KALYAN JN
MINIMUM_STOPS,96658,2,TLA,TITVALA,KYN,KALYAN JN
MINIMUM_STOPS,96660,2,TLA,TITVALA,KYN,KALYAN JN
MINIMUM_STOPS,97000,2,KYN,KALYAN JN,CSMT,CST-MUMBAI
MINIMUM_STOPS,98000,2,PNVL,PANVEL,CSMT,CST-MUMBAI
MINIMUM_STOPS,98001,2,CSMT,CST-MUMBAI,PNVL,PANVEL
MINIMUM_STOPS,98002,2,PNVL,PANVEL,CSMT,CST-MUMBAI
MINIMUM_STOPS,98003,2,CSMT,CST-MUMBAI,PNVL,PANVEL
MINIMUM_STOPS,98004,2,PNVL,PANVEL,CSMT,CST-MUMBAI
MINIMUM_STOPS,98005,2,CSMT,CST-MUMBAI,PNVL,PANVEL
MINIMUM_STOPS,98006,2,PNVL,PANVEL,CSMT,CST-MUMBAI
MINIMUM_STOPS,98007,2,CSMT,CST-MUMBAI,PNVL,PANVEL
MINIMUM_STOPS,98008,2,PNVL,PANVEL,CSMT,CST-MUMBAI
MINIMUM_STOPS,98009,2,CSMT,CST-MUMBAI,PNVL,PANVEL
MINIMUM_STOPS,98010,2,PNVL,PANVEL,CSMT,CST-MUMBAI
MINIMUM_STOPS,98011,2,CSMT,CST-MUMBAI,PNVL,PANVEL
MINIMUM_STOPS,98012,2,PNVL,PANVEL,CSMT,CST-MUMBAI
MINIMUM_STOPS,98013,2,VSH,VASHI,PNVL,PANVEL
MINIMUM_STOPS,98014,2,PNVL,PANVEL,CSMT,CST-MUMBAI
MINIMUM_STOPS,98015,2,CSMT,CST-MUMBAI,PNVL,PANVEL
MINIMUM_STOPS,98016,2,PNVL,PANVEL,CSMT,CST-MUMBAI
MINIMUM_STOPS,98017,2,CSMT,CST-MUMBAI,PNVL,PANVEL
MINIMUM_STOPS,98018,2,PNVL,PANVEL,VDLR,MUMBAI VADAL
MINIMUM_STOPS,98019,2,CSMT,CST-MUMBAI,PNVL,PANVEL
MINIMUM_STOPS,98020,2,PNVL,PANVEL,CSMT,CST-MUMBAI
MINIMUM_STOPS,98021,2,VSH,VASHI,PNVL,PANVEL
MINIMUM_STOPS,98022,2,PNVL,PANVEL,CSMT,CST-MUMBAI
MINIMUM_STOPS,98023,2,CSMT,CST-MUMBAI,PNVL,PANVEL
MINIMUM_STOPS,98024,2,PNVL,PANVEL,CSMT,CST-MUMBAI
MINIMUM_STOPS,98025,2,CSMT,CST-MUMBAI,PNVL,PANVEL
MINIMUM_STOPS,98026,2,PNVL,PANVEL,VDLR,MUMBAI VADAL
MINIMUM_STOPS,98027,2,CSMT,CST-MUMBAI,PNVL,PANVEL
MINIMUM_STOPS,98028,2,PNVL,PANVEL,CSMT,CST-MUMBAI
MINIMUM_STOPS,98029,2,CSMT,CST-MUMBAI,PNVL,PANVEL
MINIMUM_STOPS,98030,2,PNVL,PANVEL,CSMT,CST-MUMBAI
MINIMUM_STOPS,98031,2,VDLR,MUMBAI VADAL,PNVL,PANVEL
MINIMUM_STOPS,98032,2,PNVL,PANVEL,VDLR,MUMBAI VADAL
MINIMUM_STOPS,98033,2,CSMT,CST-MUMBAI,PNVL,PANVEL
MINIMUM_STOPS,98034,2,PNVL,PANVEL,CSMT,CST-MUMBAI
MINIMUM_STOPS,98035,2,CSMT,CST-MUMBAI,PNVL,PANVEL
MINIMUM_STOPS,98036,2,PNVL,PANVEL,CSMT,CST-MUMBAI
MINIMUM_STOPS,98037,2,CSMT,CST-MUMBAI,PNVL,PANVEL
MINIMUM_STOPS,98038,2,PNVL,PANVEL,CSMT,CST-MUMBAI
MINIMUM_STOPS,98039,2,CSMT,CST-MUMBAI,PNVL,PANVEL
MINIMUM_STOPS,98040,2,PNVL,PANVEL,VDLR,MUMBAI VADAL
MINIMUM_STOPS,98041,2,CSMT,CST-MUMBAI,PNVL,PANVEL
MINIMUM_STOPS,98042,2,PNVL,PANVEL,CSMT,CST-MUMBAI
MINIMUM_STOPS,98043,2,CSMT,CST-MUMBAI,PNVL,PANVEL
MINIMUM_STOPS,98044,2,PNVL,PANVEL,CSMT,CST-MUMBAI
MINIMUM_STOPS,98045,2,CSMT,CST-MUMBAI,PNVL,PANVEL
MINIMUM_STOPS,98046,2,PNVL,PANVEL,CSMT,CST-MUMBAI
MINIMUM_STOPS,98047,2,CSMT,CST-MUMBAI,PNVL,PANVEL
MINIMUM_STOPS,98048,2,PNVL,PANVEL,CSMT,CST-MUMBAI
MINIMUM_STOPS,98049,2,CSMT,CST-MUMBAI,PNVL,PANVEL
MINIMUM_STOPS,98050,2,PNVL,PANVEL,CSMT,CST-MUMBAI
MINIMUM_STOPS,98051,2,VDLR,MUMBAI VADAL,PNVL,PANVEL
MINIMUM_STOPS,98052,2,PNVL,PANVEL,CSMT,CST-MUMBAI
MINIMUM_STOPS,98053,2,CSMT,CST-MUMBAI,PNVL,PANVEL
MINIMUM_STOPS,98054,2,PNVL,PANVEL,CSMT,CST-MUMBAI
MINIMUM_STOPS,98055,2,CSMT,CST-MUMBAI,PNVL,PANVEL
MINIMUM_STOPS,98056,2,PNVL,PANVEL,CSMT,CST-MUMBAI
MINIMUM_STOPS,98057,2,CSMT,CST-MUMBAI,PNVL,PANVEL
MINIMUM_STOPS,98058,2,PNVL,PANVEL,CSMT,CST-MUMBAI
MINIMUM_STOPS,98059,2,CSMT,CST-MUMBAI,PNVL,PANVEL
MINIMUM_STOPS,98060,2,PNVL,PANVEL,CSMT,CST-MUMBAI
MINIMUM_STOPS,98061,2,CSMT,CST-MUMBAI,PNVL,PANVEL
MINIMUM_STOPS,98062,2,PNVL,PANVEL,CSMT,CST-MUMBAI
MINIMUM_STOPS,98063,2,CSMT,CST-MUMBAI,PNVL,PANVEL
MINIMUM_STOPS,98064,2,PNVL,PANVEL,CSMT,CST-MUMBAI
MINIMUM_STOPS,98065,2,CSMT,CST-MUMBAI,PNVL,PANVEL
MINIMUM_STOPS,98066,2,PNVL,PANVEL,CSMT,CST-MUMBAI
MINIMUM_STOPS,98067,2,CSMT,CST-MUMBAI,PNVL,PANVEL
MINIMUM_STOPS,98068,2,PNVL,PANVEL,CSMT,CST-MUMBAI
MINIMUM_STOPS,98069,2,CSMT,CST-MUMBAI,PNVL,PANVEL
MINIMUM_STOPS,98070,2,PNVL,PANVEL,CSMT,CST-MUMBAI
MINIMUM_STOPS,98071,2,CSMT,CST-MUMBAI,PNVL,PANVEL
MINIMUM_STOPS,98072,2,PNVL,PANVEL,CSMT,CST-MUMBAI
MINIMUM_STOPS,98073,2,CSMT,CST-MUMBAI,PNVL,PANVEL
MINIMUM_STOPS,98074,2,PNVL,PANVEL,CSMT,CST-MUMBAI
MINIMUM_STOPS,98075,2,CSMT,CST-MUMBAI,PNVL,PANVEL
MINIMUM_STOPS,98076,2,PNVL,PANVEL,CSMT,CST-MUMBAI
MINIMUM_STOPS,98077,2,CSMT,CST-MUMBAI,PNVL,PANVEL
MINIMUM_STOPS,98078,2,PNVL,PANVEL,CSMT,CST-MUMBAI
MINIMUM_STOPS,98079,2,CSMT,CST-MUMBAI,PNVL,PANVEL
MINIMUM_STOPS,98080,2,PNVL,PANVEL,CSMT,CST-MUMBAI
MINIMUM_STOPS,98081,2,CSMT,CST-MUMBAI,PNVL,PANVEL
MINIMUM_STOPS,98082,2,PNVL,PANVEL,CSMT,CST-MUMBAI
MINIMUM_STOPS,98083,2,VDLR,MUMBAI VADAL,PNVL,PANVEL
MINIMUM_STOPS,98084,2,PNVL,PANVEL,CSMT,CST-MUMBAI
MINIMUM_STOPS,98085,2,CSMT,CST-MUMBAI,PNVL,PANVEL
MINIMUM_STOPS,98087,2,CSMT,CST-MUMBAI,PNVL,PANVEL
MINIMUM_STOPS,98088,2,PNVL,PANVEL,CSMT,CST-MUMBAI
MINIMUM_STOPS,98089,2,CSMT,CST-MUMBAI,PNVL,PANVEL
MINIMUM_STOPS,98090,2,PNVL,PANVEL,CSMT,CST-MUMBAI
MINIMUM_STOPS,98091,2,CSMT,CST-MUMBAI,PNVL,PANVEL
MINIMUM_STOPS,98092,2,PNVL,PANVEL,CSMT,CST-MUMBAI
MINIMUM_STOPS,98093,2,CSMT,CST-MUMBAI,PNVL,PANVEL
MINIMUM_STOPS,98094,2,PNVL,PANVEL,CSMT,CST-MUMBAI
MINIMUM_STOPS,98095,2,CSMT,CST-MUMBAI,PNVL,PANVEL
MINIMUM_STOPS,98096,2,PNVL,PANVEL,CSMT,CST-MUMBAI
MINIMUM_STOPS,98097,2,CSMT,CST-MUMBAI,PNVL,PANVEL
MINIMUM_STOPS,98098,2,PNVL,PANVEL,CSMT,CST-MUMBAI
MINIMUM_STOPS,98099,2,CSMT,CST-MUMBAI,PNVL,PANVEL
MINIMUM_STOPS,98100,2,PNVL,PANVEL,CSMT,CST-MUMBAI
MINIMUM_STOPS,98101,2,CSMT,CST-MUMBAI,PNVL,PANVEL
MINIMUM_STOPS,98102,2,PNVL,PANVEL,CSMT,CST-MUMBAI
MINIMUM_STOPS,98103,2,VDLR,MUMBAI VADAL,PNVL,PANVEL
MINIMUM_STOPS,98104,2,PNVL,PANVEL,CSMT,CST-MUMBAI
MINIMUM_STOPS,98105,2,CSMT,CST-MUMBAI,PNVL,PANVEL
MINIMUM_STOPS,98106,2,PNVL,PANVEL,CSMT,CST-MUMBAI
MINIMUM_STOPS,98107,2,CSMT,CST-MUMBAI,PNVL,PANVEL
MINIMUM_STOPS,98108,2,PNVL,PANVEL,CSMT,CST-MUMBAI
MINIMUM_STOPS,98109,2,CSMT,CST-MUMBAI,PNVL,PANVEL
MINIMUM_STOPS,98110,2,PNVL,PANVEL,CSMT,CST-MUMBAI
MINIMUM_STOPS,98111,2,CSMT,CST-MUMBAI,PNVL,PANVEL
MINIMUM_STOPS,98112,2,PNVL,PANVEL,CSMT,CST-MUMBAI
MINIMUM_STOPS,98113,2,CSMT,CST-MUMBAI,PNVL,PANVEL
MINIMUM_STOPS,98114,2,PNVL,PANVEL,CSMT,CST-MUMBAI
MINIMUM_STOPS,98115,2,CSMT,CST-MUMBAI,PNVL,PANVEL
MINIMUM_STOPS,98116,2,PNVL,PANVEL,CSMT,CST-MUMBAI
MINIMUM_STOPS,98117,2,CSMT,CST-MUMBAI,PNVL,PANVEL
MINIMUM_STOPS,98118,2,PNVL,PANVEL,CSMT,CST-MUMBAI
MINIMUM_STOPS,98119,2,CSMT,CST-MUMBAI,PNVL,PANVEL
MINIMUM_STOPS,98120,2,PNVL,PANVEL,CSMT,CST-MUMBAI
MINIMUM_STOPS,98121,2,CSMT,CST-MUMBAI,PNVL,PANVEL
MINIMUM_STOPS,98122,2,PNVL,PANVEL,CSMT,CST-MUMBAI
MINIMUM_STOPS,98123,2,CSMT,CST-MUMBAI,PNVL,PANVEL
MINIMUM_STOPS,98124,2,PNVL,PANVEL,CSMT,CST-MUMBAI
MINIMUM_STOPS,98125,2,CSMT,CST-MUMBAI,PNVL,PANVEL
MINIMUM_STOPS,98126,2,PNVL,PANVEL,CSMT,CST-MUMBAI
MINIMUM_STOPS,98127,2,CSMT,CST-MUMBAI,PNVL,PANVEL
MINIMUM_STOPS,98128,2,PNVL,PANVEL,CSMT,CST-MUMBAI
MINIMUM_STOPS,98129,2,CSMT,CST-MUMBAI,PNVL,PANVEL
MINIMUM_STOPS,98130,2,PNVL,PANVEL,CSMT,CST-MUMBAI
MINIMUM_STOPS,98131,2,CSMT,CST-MUMBAI,PNVL,PANVEL
MINIMUM_STOPS,98132,2,PNVL,PANVEL,CSMT,CST-MUMBAI
MINIMUM_STOPS,98133,2,VDLR,MUMBAI VADAL,PNVL,PANVEL
MINIMUM_STOPS,98134,2,PNVL,PANVEL,VDLR,MUMBAI VADAL
MINIMUM_STOPS,98135,2,CSMT,CST-MUMBAI,PNVL,PANVEL
MINIMUM_STOPS,98136,2,PNVL,PANVEL,CSMT,CST-MUMBAI
MINIMUM_STOPS,98137,2,CSMT,CST-MUMBAI,PNVL,PANVEL
MINIMUM_STOPS,98138,2,PNVL,PANVEL,CSMT,CST-MUMBAI
MINIMUM_STOPS,98139,2,CSMT,CST-MUMBAI,PNVL,PANVEL
MINIMUM_STOPS,98140,2,PNVL,PANVEL,CSMT,CST-MUMBAI
MINIMUM_STOPS,98141,2,CSMT,CST-MUMBAI,PNVL,PANVEL
MINIMUM_STOPS,98142,2,PNVL,PANVEL,CSMT,CST-MUMBAI
MINIMUM_STOPS,98143,2,VDLR,MUMBAI VADAL,PNVL,PANVEL
MINIMUM_STOPS,98144,2,PNVL,PANVEL,VDLR,MUMBAI VADAL
MINIMUM_STOPS,98145,2,CSMT,CST-MUMBAI,PNVL,PANVEL
MINIMUM_STOPS,98146,2,PNVL,PANVEL,CSMT,CST-MUMBAI
MINIMUM_STOPS,98147,2,CSMT,CST-MUMBAI,PNVL,PANVEL
MINIMUM_STOPS,98148,2,PNVL,PANVEL,CSMT,CST-MUMBAI
MINIMUM_STOPS,98149,2,VDLR,MUMBAI VADAL,PNVL,PANVEL
MINIMUM_STOPS,98150,2,PNVL,PANVEL,CSMT,CST-MUMBAI
MINIMUM_STOPS,98151,2,CSMT,CST-MUMBAI,PNVL,PANVEL
MINIMUM_STOPS,98152,2,PNVL,PANVEL,CSMT,CST-MUMBAI
MINIMUM_STOPS,98153,2,CSMT,CST-MUMBAI,PNVL,PANVEL
MINIMUM_STOPS,98154,2,PNVL,PANVEL,CSMT,CST-MUMBAI
MINIMUM_STOPS,98155,2,CSMT,CST-MUMBAI,PNVL,PANVEL
MINIMUM_STOPS,98156,2,PNVL,PANVEL,CSMT,CST-MUMBAI
MINIMUM_STOPS,98157,2,CSMT,CST-MUMBAI,PNVL,PANVEL
MINIMUM_STOPS,98158,2,PNVL,PANVEL,CSMT,CST-MUMBAI
MINIMUM_STOPS,98159,2,CSMT,CST-MUMBAI,PNVL,PANVEL
MINIMUM_STOPS,98160,2,PNVL,PANVEL,CSMT,CST-MUMBAI
MINIMUM_STOPS,98161,2,CSMT,CST-MUMBAI,PNVL,PANVEL
MINIMUM_STOPS,98162,2,PNVL,PANVEL,CSMT,CST-MUMBAI
MINIMUM_STOPS,98163,2,CSMT,CST-MUMBAI,PNVL,PANVEL
MINIMUM_STOPS,98164,2,PNVL,PANVEL,CSMT,CST-MUMBAI
MINIMUM_STOPS,98165,2,CSMT,CST-MUMBAI,PNVL,PANVEL
MINIMUM_STOPS,98166,2,PNVL,PANVEL,VSH,VASHI
MINIMUM_STOPS,98167,2,VDLR,MUMBAI VADAL,PNVL,PANVEL
MINIMUM_STOPS,98168,2,PNVL,PANVEL,CSMT,CST-MUMBAI
MINIMUM_STOPS,98169,2,CSMT,CST-MUMBAI,PNVL,PANVEL
MINIMUM_STOPS,98170,2,PNVL,PANVEL,CSMT,CST-MUMBAI
MINIMUM_STOPS,98171,2,CSMT,CST-MUMBAI,PNVL,PANVEL
MINIMUM_STOPS,98172,2,PNVL,PANVEL,CSMT,CST-MUMBAI
MINIMUM_STOPS,98173,2,VDLR,MUMBAI VADAL,PNVL,PANVEL
MINIMUM_STOPS,98174,2,PNVL,PANVEL,CSMT,CST-MUMBAI
MINIMUM_STOPS,98175,2,CSMT,CST-MUMBAI,PNVL,PANVEL
MINIMUM_STOPS,98176,2,PNVL,PANVEL,CSMT,CST-MUMBAI
MINIMUM_STOPS,98177,2,VDLR,MUMBAI VADAL,PNVL,PANVEL
MINIMUM_STOPS,98178,2,PNVL,PANVEL,CSMT,CST-MUMBAI
MINIMUM_STOPS,98179,2,CSMT,CST-MUMBAI,PNVL,PANVEL
MINIMUM_STOPS,98180,2,PNVL,PANVEL,CSMT,CST-MUMBAI
MINIMUM_STOPS,98181,2,VDLR,MUMBAI VADAL,PNVL,PANVEL
MINIMUM_STOPS,98182,2,PNVL,PANVEL,CSMT,CST-MUMBAI
MINIMUM_STOPS,98183,2,CSMT,CST-MUMBAI,PNVL,PANVEL
MINIMUM_STOPS,98184,2,PNVL,PANVEL,CSMT,CST-MUMBAI
MINIMUM_STOPS,98185,2,CSMT,CST-MUMBAI,PNVL,PANVEL
MINIMUM_STOPS,98186,2,PNVL,PANVEL,CSMT,CST-MUMBAI
MINIMUM_STOPS,98187,2,VDLR,MUMBAI VADAL,PNVL,PANVEL
MINIMUM_STOPS,98188,2,PNVL,PANVEL,CSMT,CST-MUMBAI
MINIMUM_STOPS,98189,2,CSMT,CST-MUMBAI,PNVL,PANVEL
MINIMUM_STOPS,98190,2,PNVL,PANVEL,CSMT,CST-MUMBAI
MINIMUM_STOPS,98191,2,CSMT,CST-MUMBAI,PNVL,PANVEL
MINIMUM_STOPS,98192,2,PNVL,PANVEL,CSMT,CST-MUMBAI
MINIMUM_STOPS,98193,2,CSMT,CST-MUMBAI,PNVL,PANVEL
MINIMUM_STOPS,98194,2,PNVL,PANVEL,CSMT,CST-MUMBAI
MINIMUM_STOPS,98195,2,CSMT,CST-MUMBAI,PNVL,PANVEL
MINIMUM_STOPS,98196,2,PNVL,PANVEL,BEPR,BELAPUR C.B.
MINIMUM_STOPS,98197,2,CSMT,CST-MUMBAI,PNVL,PANVEL
MINIMUM_STOPS,98198,2,PNVL,PANVEL,CSMT,CST-MUMBAI
MINIMUM_STOPS,98199,2,CSMT,CST-MUMBAI,PNVL,PANVEL
MINIMUM_STOPS,98200,2,PNVL,PANVEL,VSH,VASHI
MINIMUM_STOPS,98201,2,CSMT,CST-MUMBAI,PNVL,PANVEL
MINIMUM_STOPS,98202,2,PNVL,PANVEL,CSMT,CST-MUMBAI
MINIMUM_STOPS,98203,2,CSMT,CST-MUMBAI,PNVL,PANVEL
MINIMUM_STOPS,98204,2,PNVL,PANVEL,CSMT,CST-MUMBAI
MINIMUM_STOPS,98205,2,CSMT,CST-MUMBAI,PNVL,PANVEL
MINIMUM_STOPS,98207,2,CSMT,CST-MUMBAI,PNVL,PANVEL
MINIMUM_STOPS,98208,2,PNVL,PANVEL,BEPR,BELAPUR C.B.
MINIMUM_STOPS,98209,2,CSMT,CST-MUMBAI,PNVL,PANVEL
MINIMUM_STOPS,98211,2,CSMT,CST-MUMBAI,PNVL,PANVEL
MINIMUM_STOPS,98213,2,CSMT,CST-MUMBAI,PNVL,PANVEL
MINIMUM_STOPS,98214,2,PNVL,PANVEL,BEPR,BELAPUR C.B.
MINIMUM_STOPS,98215,2,CSMT,CST-MUMBAI,PNVL,PANVEL
MINIMUM_STOPS,98300,2,BEPR,BELAPUR C.B.,CSMT,CST-MUMBAI
MINIMUM_STOPS,98301,2,CSMT,CST-MUMBAI,BEPR,BELAPUR C.B.
MINIMUM_STOPS,98302,2,BEPR,BELAPUR C.B.,CSMT,CST-MUMBAI
MINIMUM_STOPS,98303,2,CSMT,CST-MUMBAI,BEPR,BELAPUR C.B.
MINIMUM_STOPS,98304,2,BEPR,BELAPUR C.B.,CSMT,CST-MUMBAI
MINIMUM_STOPS,98305,2,CSMT,CST-MUMBAI,BEPR,BELAPUR C.B.
MINIMUM_STOPS,98306,2,BEPR,BELAPUR C.B.,CSMT,CST-MUMBAI
MINIMUM_STOPS,98307,2,CSMT,CST-MUMBAI,BEPR,BELAPUR C.B.
MINIMUM_STOPS,98308,2,BEPR,BELAPUR C.B.,CSMT,CST-MUMBAI
MINIMUM_STOPS,98309,2,VDLR,MUMBAI VADAL,BEPR,BELAPUR C.B.
MINIMUM_STOPS,98310,2,BEPR,BELAPUR C.B.,CSMT,CST-MUMBAI
MINIMUM_STOPS,98311,2,CSMT,CST-MUMBAI,BEPR,BELAPUR C.B.
MINIMUM_STOPS,98312,2,BEPR,BELAPUR C.B.,CSMT,CST-MUMBAI
MINIMUM_STOPS,98313,2,CSMT,CST-MUMBAI,BEPR,BELAPUR C.B.
MINIMUM_STOPS,98314,2,BEPR,BELAPUR C.B.,CSMT,CST-MUMBAI
MINIMUM_STOPS,98315,2,CSMT,CST-MUMBAI,BEPR,BELAPUR C.B.
MINIMUM_STOPS,98316,2,BEPR,BELAPUR C.B.,CSMT,CST-MUMBAI
MINIMUM_STOPS,98317,2,CSMT,CST-MUMBAI,BEPR,BELAPUR C.B.
MINIMUM_STOPS,98318,2,BEPR,BELAPUR C.B.,CSMT,CST-MUMBAI
MINIMUM_STOPS,98319,2,CSMT,CST-MUMBAI,BEPR,BELAPUR C.B.
MINIMUM_STOPS,98320,2,BEPR,BELAPUR C.B.,CSMT,CST-MUMBAI
MINIMUM_STOPS,98321,2,VDLR,MUMBAI VADAL,BEPR,BELAPUR C.B.
MINIMUM_STOPS,98322,2,BEPR,BELAPUR C.B.,CSMT,CST-MUMBAI
MINIMUM_STOPS,98323,2,CSMT,CST-MUMBAI,BEPR,BELAPUR C.B.
MINIMUM_STOPS,98324,2,BEPR,BELAPUR C.B.,CSMT,CST-MUMBAI
MINIMUM_STOPS,98325,2,CSMT,CST-MUMBAI,BEPR,BELAPUR C.B.
MINIMUM_STOPS,98326,2,BEPR,BELAPUR C.B.,CSMT,CST-MUMBAI
MINIMUM_STOPS,98327,2,CSMT,CST-MUMBAI,BEPR,BELAPUR C.B.
MINIMUM_STOPS,98328,2,BEPR,BELAPUR C.B.,CSMT,CST-MUMBAI
MINIMUM_STOPS,98329,2,VDLR,MUMBAI VADAL,BEPR,BELAPUR C.B.
MINIMUM_STOPS,98330,2,BEPR,BELAPUR C.B.,CSMT,CST-MUMBAI
MINIMUM_STOPS,98331,2,CSMT,CST-MUMBAI,BEPR,BELAPUR C.B.
MINIMUM_STOPS,98332,2,BEPR,BELAPUR C.B.,CSMT,CST-MUMBAI
MINIMUM_STOPS,98333,2,CSMT,CST-MUMBAI,BEPR,BELAPUR C.B.
MINIMUM_STOPS,98334,2,BEPR,BELAPUR C.B.,VDLR,MUMBAI VADAL
MINIMUM_STOPS,98335,2,CSMT,CST-MUMBAI,BEPR,BELAPUR C.B.
MINIMUM_STOPS,98336,2,BEPR,BELAPUR C.B.,CSMT,CST-MUMBAI
MINIMUM_STOPS,98337,2,CSMT,CST-MUMBAI,BEPR,BELAPUR C.B.
MINIMUM_STOPS,98338,2,BEPR,BELAPUR C.B.,VDLR,MUMBAI VADAL
MINIMUM_STOPS,98339,2,CSMT,CST-MUMBAI,BEPR,BELAPUR C.B.
MINIMUM_STOPS,98340,2,BEPR,BELAPUR C.B.,VDLR,MUMBAI VADAL
MINIMUM_STOPS,98341,2,CSMT,CST-MUMBAI,BEPR,BELAPUR C.B.
MINIMUM_STOPS,98342,2,BEPR,BELAPUR C.B.,CSMT,CST-MUMBAI
MINIMUM_STOPS,98343,2,CSMT,CST-MUMBAI,BEPR,BELAPUR C.B.
MINIMUM_STOPS,98344,2,BEPR,BELAPUR C.B.,CSMT,CST-MUMBAI
MINIMUM_STOPS,98345,2,CSMT,CST-MUMBAI,BEPR,BELAPUR C.B.
MINIMUM_STOPS,98346,2,BEPR,BELAPUR C.B.,CSMT,CST-MUMBAI
MINIMUM_STOPS,98347,2,CSMT,CST-MUMBAI,BEPR,BELAPUR C.B.
MINIMUM_STOPS,98348,2,BEPR,BELAPUR C.B.,CSMT,CST-MUMBAI
MINIMUM_STOPS,98349,2,CSMT,CST-MUMBAI,BEPR,BELAPUR C.B.
MINIMUM_STOPS,98350,2,BEPR,BELAPUR C.B.,CSMT,CST-MUMBAI
MINIMUM_STOPS,98351,2,CSMT,CST-MUMBAI,BEPR,BELAPUR C.B.
MINIMUM_STOPS,98352,2,BEPR,BELAPUR C.B.,CSMT,CST-MUMBAI
MINIMUM_STOPS,98353,2,CSMT,CST-MUMBAI,BEPR,BELAPUR C.B.
MINIMUM_STOPS,98354,2,BEPR,BELAPUR C.B.,CSMT,CST-MUMBAI
MINIMUM_STOPS,98355,2,VDLR,MUMBAI VADAL,BEPR,BELAPUR C.B.
MINIMUM_STOPS,98356,2,BEPR,BELAPUR C.B.,CSMT,CST-MUMBAI
MINIMUM_STOPS,98357,2,CSMT,CST-MUMBAI,BEPR,BELAPUR C.B.
MINIMUM_STOPS,98358,2,BEPR,BELAPUR C.B.,CSMT,CST-MUMBAI
MINIMUM_STOPS,98359,2,CSMT,CST-MUMBAI,BEPR,BELAPUR C.B.
MINIMUM_STOPS,98360,2,BEPR,BELAPUR C.B.,CSMT,CST-MUMBAI
MINIMUM_STOPS,98361,2,CSMT,CST-MUMBAI,BEPR,BELAPUR C.B.
MINIMUM_STOPS,98362,2,BEPR,BELAPUR C.B.,CSMT,CST-MUMBAI
MINIMUM_STOPS,98363,2,CSMT,CST-MUMBAI,BEPR,BELAPUR C.B.
MINIMUM_STOPS,98364,2,BEPR,BELAPUR C.B.,VDLR,MUMBAI VADAL
MINIMUM_STOPS,98365,2,CSMT,CST-MUMBAI,BEPR,BELAPUR C.B.
MINIMUM_STOPS,98366,2,BEPR,BELAPUR C.B.,CSMT,CST-MUMBAI
MINIMUM_STOPS,98367,2,VDLR,MUMBAI VADAL,BEPR,BELAPUR C.B.
MINIMUM_STOPS,98368,2,BEPR,BELAPUR C.B.,CSMT,CST-MUMBAI
MINIMUM_STOPS,98369,2,CSMT,CST-MUMBAI,BEPR,BELAPUR C.B.
MINIMUM_STOPS,98370,2,BEPR,BELAPUR C.B.,CSMT,CST-MUMBAI
MINIMUM_STOPS,98371,2,CSMT,CST-MUMBAI,BEPR,BELAPUR C.B.
MINIMUM_STOPS,98372,2,BEPR,BELAPUR C.B.,CSMT,CST-MUMBAI
MINIMUM_STOPS,98373,2,CSMT,CST-MUMBAI,BEPR,BELAPUR C.B.
MINIMUM_STOPS,98374,2,BEPR,BELAPUR C.B.,CSMT,CST-MUMBAI
MINIMUM_STOPS,98375,2,CSMT,CST-MUMBAI,BEPR,BELAPUR C.B.
MINIMUM_STOPS,98376,2,BEPR,BELAPUR C.B.,CSMT,CST-MUMBAI
MINIMUM_STOPS,98377,2,CSMT,CST-MUMBAI,BEPR,BELAPUR C.B.
MINIMUM_STOPS,98378,2,BEPR,BELAPUR C.B.,CSMT,CST-MUMBAI
MINIMUM_STOPS,98379,2,CSMT,CST-MUMBAI,BEPR,BELAPUR C.B.
MINIMUM_STOPS,98380,2,BEPR,BELAPUR C.B.,CSMT,CST-MUMBAI
MINIMUM_STOPS,98381,2,CSMT,CST-MUMBAI,BEPR,BELAPUR C.B.
MINIMUM_STOPS,98382,2,BEPR,BELAPUR C.B.,CSMT,CST-MUMBAI
MINIMUM_STOPS,98384,2,BEPR,BELAPUR C.B.,VDLR,MUMBAI VADAL
MINIMUM_STOPS,98386,2,BEPR,BELAPUR C.B.,CSMT,CST-MUMBAI
MINIMUM_STOPS,98388,2,BEPR,BELAPUR C.B.,CSMT,CST-MUMBAI
MINIMUM_STOPS,98390,2,BEPR,BELAPUR C.B.,CSMT,CST-MUMBAI
MINIMUM_STOPS,98392,2,BEPR,BELAPUR C.B.,CSMT,CST-MUMBAI
MINIMUM_STOPS,98394,2,BEPR,BELAPUR C.B.,CSMT,CST-MUMBAI
MINIMUM_STOPS,98500,2,VSH,VASHI,CSMT,CST-MUMBAI
MINIMUM_STOPS,98501,2,CSMT,CST-MUMBAI,VSH,VASHI
MINIMUM_STOPS,98502,2,VSH,VASHI,CSMT,CST-MUMBAI
MINIMUM_STOPS,98503,2,CSMT,CST-MUMBAI,VSH,VASHI
MINIMUM_STOPS,98504,2,VSH,VASHI,CSMT,CST-MUMBAI
MINIMUM_STOPS,98505,2,CSMT,CST-MUMBAI,VSH,VASHI
MINIMUM_STOPS,98506,2,VSH,VASHI,CSMT,CST-MUMBAI
MINIMUM_STOPS,98507,2,VDLR,MUMBAI VADAL,VSH,VASHI
MINIMUM_STOPS,98508,2,VSH,VASHI,CSMT,CST-MUMBAI
MINIMUM_STOPS,98509,2,CSMT,CST-MUMBAI,VSH,VASHI
MINIMUM_STOPS,98510,2,VSH,VASHI,CSMT,CST-MUMBAI
MINIMUM_STOPS,98511,2,CSMT,CST-MUMBAI,VSH,VASHI
MINIMUM_STOPS,98512,2,VSH,VASHI,CSMT,CST-MUMBAI
MINIMUM_STOPS,98513,2,CSMT,CST-MUMBAI,VSH,VASHI
MINIMUM_STOPS,98514,2,VSH,VASHI,VDLR,MUMBAI VADAL
MINIMUM_STOPS,98515,2,CSMT,CST-MUMBAI,VSH,VASHI
MINIMUM_STOPS,98516,2,VSH,VASHI,CSMT,CST-MUMBAI
MINIMUM_STOPS,98517,2,CSMT,CST-MUMBAI,VSH,VASHI
MINIMUM_STOPS,98518,2,VSH,VASHI,CSMT,CST-MUMBAI
MINIMUM_STOPS,98519,2,CSMT,CST-MUMBAI,VSH,VASHI
MINIMUM_STOPS,98520,2,VSH,VASHI,CSMT,CST-MUMBAI
MINIMUM_STOPS,98521,2,CSMT,CST-MUMBAI,VSH,VASHI
MINIMUM_STOPS,98522,2,VSH,VASHI,CSMT,CST-MUMBAI
MINIMUM_STOPS,98523,2,CSMT,CST-MUMBAI,VSH,VASHI
MINIMUM_STOPS,98524,2,VSH,VASHI,CSMT,CST-MUMBAI
MINIMUM_STOPS,98525,2,CSMT,CST-MUMBAI,VSH,VASHI
MINIMUM_STOPS,98526,2,VSH,VASHI,CSMT,CST-MUMBAI
MINIMUM_STOPS,98527,2,VDLR,MUMBAI VADAL,VSH,VASHI
MINIMUM_STOPS,98528,2,VSH,VASHI,CSMT,CST-MUMBAI
MINIMUM_STOPS,98529,2,CSMT,CST-MUMBAI,VSH,VASHI
MINIMUM_STOPS,98530,2,VSH,VASHI,CSMT,CST-MUMBAI
MINIMUM_STOPS,98531,2,CSMT,CST-MUMBAI,VSH,VASHI
MINIMUM_STOPS,98532,2,VSH,VASHI,CSMT,CST-MUMBAI
MINIMUM_STOPS,98533,2,CSMT,CST-MUMBAI,VSH,VASHI
MINIMUM_STOPS,98535,2,CSMT,CST-MUMBAI,VSH,VASHI
MINIMUM_STOPS,98537,2,CSMT,CST-MUMBAI,VSH,VASHI
MINIMUM_STOPS,98538,2,VSH,VASHI,VDLR,MUMBAI VADAL
MINIMUM_STOPS,98539,2,CSMT,CST-MUMBAI,VSH,VASHI
MINIMUM_STOPS,98540,2,VSH,VASHI,CSMT,CST-MUMBAI
MINIMUM_STOPS,98541,2,CSMT,CST-MUMBAI,VSH,VASHI
MINIMUM_STOPS,98543,2,CSMT,CST-MUMBAI,VSH,VASHI
MINIMUM_STOPS,98544,2,VSH,VASHI,CSMT,CST-MUMBAI
MINIMUM_STOPS,98545,2,CSMT,CST-MUMBAI,VSH,VASHI
MINIMUM_STOPS,98546,2,VSH,VASHI,VDLR,MUMBAI VADAL
MINIMUM_STOPS,98547,2,CSMT,CST-MUMBAI,VSH,VASHI
MINIMUM_STOPS,98548,2,VSH,VASHI,CSMT,CST-MUMBAI
MINIMUM_STOPS,98549,2,CSMT,CST-MUMBAI,VSH,VASHI
MINIMUM_STOPS,98550,2,VSH,VASHI,CSMT,CST-MUMBAI
MINIMUM_STOPS,98551,2,CSMT,CST-MUMBAI,VSH,VASHI
MINIMUM_STOPS,98552,2,VSH,VASHI,CSMT,CST-MUMBAI
MINIMUM_STOPS,98553,2,CSMT,CST-MUMBAI,VSH,VASHI
MINIMUM_STOPS,98554,2,VSH,VASHI,CSMT,CST-MUMBAI
MINIMUM_STOPS,98555,2,CSMT,CST-MUMBAI,VSH,VASHI
MINIMUM_STOPS,98556,2,VSH,VASHI,CSMT,CST-MUMBAI
MINIMUM_STOPS,98557,2,CSMT,CST-MUMBAI,VSH,VASHI
MINIMUM_STOPS,98558,2,VSH,VASHI,VDLR,MUMBAI VADAL
MINIMUM_STOPS,98559,2,CSMT,CST-MUMBAI,VSH,VASHI
MINIMUM_STOPS,98560,2,VSH,VASHI,CSMT,CST-MUMBAI
MINIMUM_STOPS,98561,2,CSMT,CST-MUMBAI,VSH,VASHI
MINIMUM_STOPS,98562,2,VSH,VASHI,VDLR,MUMBAI VADAL
MINIMUM_STOPS,98563,2,CSMT,CST-MUMBAI,VSH,VASHI
MINIMUM_STOPS,98564,2,VSH,VASHI,CSMT,CST-MUMBAI
MINIMUM_STOPS,98565,2,CSMT,CST-MUMBAI,VSH,VASHI
MINIMUM_STOPS,98566,2,VSH,VASHI,CSMT,CST-MUMBAI
MINIMUM_STOPS,98567,2,CSMT,CST-MUMBAI,VSH,VASHI
MINIMUM_STOPS,98568,2,VSH,VASHI,CSMT,CST-MUMBAI
MINIMUM_STOPS,98569,2,CSMT,CST-MUMBAI,VSH,VASHI
MINIMUM_STOPS,98570,2,VSH,VASHI,VDLR,MUMBAI VADAL
MINIMUM_STOPS,98571,2,CSMT,CST-MUMBAI,VSH,VASHI
MINIMUM_STOPS,98572,2,VSH,VASHI,CSMT,CST-MUMBAI
MINIMUM_STOPS,98573,2,CSMT,CST-MUMBAI,VSH,VASHI
MINIMUM_STOPS,98574,2,VSH,VASHI,CSMT,CST-MUMBAI
MINIMUM_STOPS,98575,2,CSMT,CST-MUMBAI,VSH,VASHI
MINIMUM_STOPS,98576,2,VSH,VASHI,CSMT,CST-MUMBAI
MINIMUM_STOPS,98577,2,CSMT,CST-MUMBAI,VSH,VASHI
MINIMUM_STOPS,98578,2,VSH,VASHI,VDLR,MUMBAI VADAL
MINIMUM_STOPS,98580,2,VSH,VASHI,VDLR,MUMBAI VADAL
MINIMUM_STOPS,98600,2,MNKD,MANKHURD,CSMT,CST-MUMBAI
MINIMUM_STOPS,98601,2,CSMT,CST-MUMBAI,MNKD,MANKHURD
MINIMUM_STOPS,98602,2,MNKD,MANKHURD,CSMT,CST-MUMBAI
MINIMUM_STOPS,98603,2,CSMT,CST-MUMBAI,MNKD,MANKHURD
MINIMUM_STOPS,98604,2,CMBR,CHEMBUR,CSMT,CST-MUMBAI
MINIMUM_STOPS,98605,2,CSMT,CST-MUMBAI,CMBR,CHEMBUR
MINIMUM_STOPS,98700,2,RVJ,RAVLI JN,CSMT,CST-MUMBAI
MINIMUM_STOPS,98701,2,CSMT,CST-MUMBAI,RVJ,RAVLI JN
MINIMUM_STOPS,98702,2,RVJ,RAVLI JN,CSMT,CST-MUMBAI
MINIMUM_STOPS,98703,2,CSMT,CST-MUMBAI,RVJ,RAVLI JN
MINIMUM_STOPS,98704,2,RVJ,RAVLI JN,CSMT,CST-MUMBAI
MINIMUM_STOPS,98705,2,CSMT,CST-MUMBAI,RVJ,RAVLI JN
MINIMUM_STOPS,98706,2,RVJ,RAVLI JN,CSMT,CST-MUMBAI
MINIMUM_STOPS,98707,2,CSMT,CST-MUMBAI,RVJ,RAVLI JN
MINIMUM_STOPS,98708,2,RVJ,RAVLI JN,CSMT,CST-MUMBAI
MINIMUM_STOPS,98709,2,CSMT,CST-MUMBAI,RVJ,RAVLI JN
MINIMUM_STOPS,98710,2,RVJ,RAVLI JN,CSMT,CST-MUMBAI
MINIMUM_STOPS,98711,2,CSMT,CST-MUMBAI,RVJ,RAVLI JN
MINIMUM_STOPS,98712,2,RVJ,RAVLI JN,CSMT,CST-MUMBAI
MINIMUM_STOPS,98713,2,CSMT,CST-MUMBAI,RVJ,RAVLI JN
MINIMUM_STOPS,98714,2,RVJ,RAVLI JN,CSMT,CST-MUMBAI
MINIMUM_STOPS,98715,2,CSMT,CST-MUMBAI,RVJ,RAVLI JN
MINIMUM_STOPS,98716,2,RVJ,RAVLI JN,CSMT,CST-MUMBAI
MINIMUM_STOPS,98717,2,CSMT,CST-MUMBAI,RVJ,RAVLI JN
MINIMUM_STOPS,98718,2,RVJ,RAVLI JN,CSMT,CST-MUMBAI
MINIMUM_STOPS,98719,2,CSMT,CST-MUMBAI,RVJ,RAVLI JN
MINIMUM_STOPS,98720,2,RVJ,RAVLI JN,CSMT,CST-MUMBAI
MINIMUM_STOPS,98721,2,CSMT,CST-MUMBAI,RVJ,RAVLI JN
MINIMUM_STOPS,98722,2,RVJ,RAVLI JN,CSMT,CST-MUMBAI
MINIMUM_STOPS,98723,2,CSMT,CST-MUMBAI,RVJ,RAVLI JN
MINIMUM_STOPS,98724,2,RVJ,RAVLI JN,CSMT,CST-MUMBAI
MINIMUM_STOPS,98725,2,CSMT,CST-MUMBAI,RVJ,RAVLI JN
MINIMUM_STOPS,98726,2,RVJ,RAVLI JN,CSMT,CST-MUMBAI
MINIMUM_STOPS,98727,2,CSMT,CST-MUMBAI,RVJ,RAVLI JN
MINIMUM_STOPS,98728,2,RVJ,RAVLI JN,CSMT,CST-MUMBAI
MINIMUM_STOPS,98729,2,CSMT,CST-MUMBAI,RVJ,RAVLI JN
MINIMUM_STOPS,98730,2,RVJ,RAVLI JN,CSMT,CST-MUMBAI
MINIMUM_STOPS,98731,2,CSMT,CST-MUMBAI,RVJ,RAVLI JN
MINIMUM_STOPS,98732,2,RVJ,RAVLI JN,CSMT,CST-MUMBAI
MINIMUM_STOPS,98733,2,CSMT,CST-MUMBAI,RVJ,RAVLI JN
MINIMUM_STOPS,98734,2,RVJ,RAVLI JN,CSMT,CST-MUMBAI
MINIMUM_STOPS,98735,2,CSMT,CST-MUMBAI,RVJ,RAVLI JN
MINIMUM_STOPS,98736,2,RVJ,RAVLI JN,CSMT,CST-MUMBAI
MINIMUM_STOPS,98737,2,CSMT,CST-MUMBAI,RVJ,RAVLI JN
MINIMUM_STOPS,98738,2,RVJ,RAVLI JN,CSMT,CST-MUMBAI
MINIMUM_STOPS,98739,2,CSMT,CST-MUMBAI,RVJ,RAVLI JN
MINIMUM_STOPS,98740,2,RVJ,RAVLI JN,CSMT,CST-MUMBAI
MINIMUM_STOPS,98741,2,CSMT,CST-MUMBAI,RVJ,RAVLI JN
MINIMUM_STOPS,98742,2,RVJ,RAVLI JN,CSMT,CST-MUMBAI
MINIMUM_STOPS,98743,2,CSMT,CST-MUMBAI,RVJ,RAVLI JN
MINIMUM_STOPS,98744,2,RVJ,RAVLI JN,CSMT,CST-MUMBAI
MINIMUM_STOPS,98745,2,CSMT,CST-MUMBAI,RVJ,RAVLI JN
MINIMUM_STOPS,98746,2,RVJ,RAVLI JN,CSMT,CST-MUMBAI
MINIMUM_STOPS,98747,2,CSMT,CST-MUMBAI,RVJ,RAVLI JN
MINIMUM_STOPS,98748,2,RVJ,RAVLI JN,CSMT,CST-MUMBAI
MINIMUM_STOPS,98749,2,CSMT,CST-MUMBAI,RVJ,RAVLI JN
MINIMUM_STOPS,98750,2,RVJ,RAVLI JN,CSMT,CST-MUMBAI
MINIMUM_STOPS,98751,2,CSMT,CST-MUMBAI,RVJ,RAVLI JN
MINIMUM_STOPS,98752,2,RVJ,RAVLI JN,CSMT,CST-MUMBAI
MINIMUM_STOPS,98753,2,CSMT,CST-MUMBAI,RVJ,RAVLI JN
MINIMUM_STOPS,98754,2,RVJ,RAVLI JN,CSMT,CST-MUMBAI
MINIMUM_STOPS,98755,2,CSMT,CST-MUMBAI,RVJ,RAVLI JN
MINIMUM_STOPS,98756,2,RVJ,RAVLI JN,CSMT,CST-MUMBAI
MINIMUM_STOPS,98757,2,CSMT,CST-MUMBAI,RVJ,RAVLI JN
MINIMUM_STOPS,98758,2,RVJ,RAVLI JN,CSMT,CST-MUMBAI
MINIMUM_STOPS,98759,2,CSMT,CST-MUMBAI,RVJ,RAVLI JN
MINIMUM_STOPS,98760,2,RVJ,RAVLI JN,CSMT,CST-MUMBAI
MINIMUM_STOPS,98761,2,CSMT,CST-MUMBAI,RVJ,RAVLI JN
MINIMUM_STOPS,98762,2,RVJ,RAVLI JN,CSMT,CST-MUMBAI
MINIMUM_STOPS,98763,2,CSMT,CST-MUMBAI,RVJ,RAVLI JN
MINIMUM_STOPS,98764,2,RVJ,RAVLI JN,CSMT,CST-MUMBAI
MINIMUM_STOPS,98765,2,CSMT,CST-MUMBAI,RVJ,RAVLI JN
MINIMUM_STOPS,98766,2,RVJ,RAVLI JN,CSMT,CST-MUMBAI
MINIMUM_STOPS,98767,2,CSMT,CST-MUMBAI,RVJ,RAVLI JN
MINIMUM_STOPS,98768,2,RVJ,RAVLI JN,CSMT,CST-MUMBAI
MINIMUM_STOPS,98769,2,CSMT,CST-MUMBAI,RVJ,RAVLI JN
MINIMUM_STOPS,98770,2,RVJ,RAVLI JN,CSMT,CST-MUMBAI
MINIMUM_STOPS,98771,2,CSMT,CST-MUMBAI,RVJ,RAVLI JN
MINIMUM_STOPS,98772,2,RVJ,RAVLI JN,CSMT,CST-MUMBAI
MINIMUM_STOPS,98773,2,CSMT,CST-MUMBAI,RVJ,RAVLI JN
MINIMUM_STOPS,98774,2,RVJ,RAVLI JN,CSMT,CST-MUMBAI
MINIMUM_STOPS,98775,2,CSMT,CST-MUMBAI,RVJ,RAVLI JN
MINIMUM_STOPS,98776,2,RVJ,RAVLI JN,CSMT,CST-MUMBAI
MINIMUM_STOPS,98777,2,CSMT,CST-MUMBAI,RVJ,RAVLI JN
MINIMUM_STOPS,98778,2,RVJ,RAVLI JN,CSMT,CST-MUMBAI
MINIMUM_STOPS,98779,2,CSMT,CST-MUMBAI,RVJ,RAVLI JN
MINIMUM_STOPS,98780,2,RVJ,RAVLI JN,CSMT,CST-MUMBAI
MINIMUM_STOPS,98781,2,CSMT,CST-MUMBAI,RVJ,RAVLI JN
MINIMUM_STOPS,98782,2,RVJ,RAVLI JN,CSMT,CST-MUMBAI
MINIMUM_STOPS,98783,2,CSMT,CST-MUMBAI,RVJ,RAVLI JN
MINIMUM_STOPS,98784,2,RVJ,RAVLI JN,CSMT,CST-MUMBAI
MINIMUM_STOPS,98785,2,CSMT,CST-MUMBAI,RVJ,RAVLI JN
MINIMUM_STOPS,98800,2,RVJ,RAVLI JN,CSMT,CST-MUMBAI
MINIMUM_STOPS,98801,2,CSMT,CST-MUMBAI,RVJ,RAVLI JN
MINIMUM_STOPS,98802,2,RVJ,RAVLI JN,CSMT,CST-MUMBAI
MINIMUM_STOPS,98803,2,CSMT,CST-MUMBAI,RVJ,RAVLI JN
MINIMUM_STOPS,98804,2,RVJ,RAVLI JN,CSMT,CST-MUMBAI
MINIMUM_STOPS,98805,2,CSMT,CST-MUMBAI,RVJ,RAVLI JN
MINIMUM_STOPS,98806,2,RVJ,RAVLI JN,CSMT,CST-MUMBAI
MINIMUM_STOPS,98807,2,CSMT,CST-MUMBAI,RVJ,RAVLI JN
MINIMUM_STOPS,98808,2,RVJ,RAVLI JN,CSMT,CST-MUMBAI
MINIMUM_STOPS,98809,2,CSMT,CST-MUMBAI,RVJ,RAVLI JN
MINIMUM_STOPS,98810,2,RVJ,RAVLI JN,CSMT,CST-MUMBAI
MINIMUM_STOPS,98811,2,CSMT,CST-MUMBAI,RVJ,RAVLI JN
MINIMUM_STOPS,98812,2,RVJ,RAVLI JN,CSMT,CST-MUMBAI
MINIMUM_STOPS,98813,2,CSMT,CST-MUMBAI,RVJ,RAVLI JN
MINIMUM_STOPS,98814,2,RVJ,RAVLI JN,CSMT,CST-MUMBAI
MINIMUM_STOPS,98815,2,CSMT,CST-MUMBAI,RVJ,RAVLI JN
MINIMUM_STOPS,98816,2,RVJ,RAVLI JN,CSMT,CST-MUMBAI
MINIMUM_STOPS,98817,2,CSMT,CST-MUMBAI,RVJ,RAVLI JN
MINIMUM_STOPS,98818,2,RVJ,RAVLI JN,CSMT,CST-MUMBAI
MINIMUM_STOPS,98819,2,CSMT,CST-MUMBAI,RVJ,RAVLI JN
MINIMUM_STOPS,98820,2,RVJ,RAVLI JN,CSMT,CST-MUMBAI
MINIMUM_STOPS,98821,2,CSMT,CST-MUMBAI,RVJ,RAVLI JN
MINIMUM_STOPS,98822,2,RVJ,RAVLI JN,CSMT,CST-MUMBAI
MINIMUM_STOPS,98823,2,CSMT,CST-MUMBAI,RVJ,RAVLI JN
MINIMUM_STOPS,98824,2,RVJ,RAVLI JN,CSMT,CST-MUMBAI
MINIMUM_STOPS,98825,2,CSMT,CST-MUMBAI,RVJ,RAVLI JN
MINIMUM_STOPS,98826,2,RVJ,RAVLI JN,CSMT,CST-MUMBAI
MINIMUM_STOPS,98827,2,CSMT,CST-MUMBAI,RVJ,RAVLI JN
MINIMUM_STOPS,98828,2,RVJ,RAVLI JN,CSMT,CST-MUMBAI
MINIMUM_STOPS,98829,2,CSMT,CST-MUMBAI,RVJ,RAVLI JN
MINIMUM_STOPS,98830,2,RVJ,RAVLI JN,CSMT,CST-MUMBAI
MINIMUM_STOPS,98831,2,CSMT,CST-MUMBAI,RVJ,RAVLI JN
MINIMUM_STOPS,98832,2,RVJ,RAVLI JN,CSMT,CST-MUMBAI
MINIMUM_STOPS,98833,2,CSMT,CST-MUMBAI,RVJ,RAVLI JN
MINIMUM_STOPS,98834,2,RVJ,RAVLI JN,CSMT,CST-MUMBAI
MINIMUM_STOPS,98835,2,CSMT,CST-MUMBAI,RVJ,RAVLI JN
MINIMUM_STOPS,98836,2,RVJ,RAVLI JN,CSMT,CST-MUMBAI
MINIMUM_STOPS,98837,2,CSMT,CST-MUMBAI,RVJ,RAVLI JN
MINIMUM_STOPS,98838,2,RVJ,RAVLI JN,CSMT,CST-MUMBAI
MINIMUM_STOPS,98839,2,CSMT,CST-MUMBAI,RVJ,RAVLI JN
MINIMUM_STOPS,98840,2,RVJ,RAVLI JN,CSMT,CST-MUMBAI
MINIMUM_STOPS,98841,2,CSMT,CST-MUMBAI,RVJ,RAVLI JN
MINIMUM_STOPS,98842,2,RVJ,RAVLI JN,CSMT,CST-MUMBAI
MINIMUM_STOPS,98843,2,CSMT,CST-MUMBAI,RVJ,RAVLI JN
MINIMUM_STOPS,98844,2,RVJ,RAVLI JN,CSMT,CST-MUMBAI
MINIMUM_STOPS,98845,2,CSMT,CST-MUMBAI,RVJ,RAVLI JN
MINIMUM_STOPS,98846,2,RVJ,RAVLI JN,CSMT,CST-MUMBAI
MINIMUM_STOPS,98847,2,CSMT,CST-MUMBAI,RVJ,RAVLI JN
MINIMUM_STOPS,98848,2,RVJ,RAVLI JN,CSMT,CST-MUMBAI
MINIMUM_STOPS,98849,2,CSMT,CST-MUMBAI,RVJ,RAVLI JN
MINIMUM_STOPS,98850,2,RVJ,RAVLI JN,CSMT,CST-MUMBAI
MINIMUM_STOPS,98851,2,CSMT,CST-MUMBAI,RVJ,RAVLI JN
MINIMUM_STOPS,98852,2,RVJ,RAVLI JN,CSMT,CST-MUMBAI
MINIMUM_STOPS,98853,2,CSMT,CST-MUMBAI,RVJ,RAVLI JN
MINIMUM_STOPS,98854,2,RVJ,RAVLI JN,CSMT,CST-MUMBAI
MINIMUM_STOPS,98855,2,CSMT,CST-MUMBAI,RVJ,RAVLI JN
MINIMUM_STOPS,98856,2,RVJ,RAVLI JN,CSMT,CST-MUMBAI
MINIMUM_STOPS,98857,2,CSMT,CST-MUMBAI,RVJ,RAVLI JN
MINIMUM_STOPS,98858,2,RVJ,RAVLI JN,CSMT,CST-MUMBAI
MINIMUM_STOPS,98859,2,CSMT,CST-MUMBAI,RVJ,RAVLI JN
MINIMUM_STOPS,98860,2,RVJ,RAVLI JN,CSMT,CST-MUMBAI
MINIMUM_STOPS,98861,2,CSMT,CST-MUMBAI,RVJ,RAVLI JN
MINIMUM_STOPS,98862,2,RVJ,RAVLI JN,CSMT,CST-MUMBAI
MINIMUM_STOPS,98863,2,CSMT,CST-MUMBAI,RVJ,RAVLI JN
MINIMUM_STOPS,98864,2,RVJ,RAVLI JN,CSMT,CST-MUMBAI
MINIMUM_STOPS,98865,2,CSMT,CST-MUMBAI,RVJ,RAVLI JN
MINIMUM_STOPS,98866,2,RVJ,RAVLI JN,CSMT,CST-MUMBAI
MINIMUM_STOPS,98867,2,CSMT,CST-MUMBAI,RVJ,RAVLI JN
MINIMUM_STOPS,98868,2,RVJ,RAVLI JN,CSMT,CST-MUMBAI
MINIMUM_STOPS,98869,2,CSMT,CST-MUMBAI,RVJ,RAVLI JN
MINIMUM_STOPS,98870,2,RVJ,RAVLI JN,CSMT,CST-MUMBAI
MINIMUM_STOPS,98871,2,CSMT,CST-MUMBAI,RVJ,RAVLI JN
MINIMUM_STOPS,98872,2,RVJ,RAVLI JN,CSMT,CST-MUMBAI
MINIMUM_STOPS,98873,2,CSMT,CST-MUMBAI,RVJ,RAVLI JN
MINIMUM_STOPS,98874,2,RVJ,RAVLI JN,CSMT,CST-MUMBAI
MINIMUM_STOPS,98875,2,CSMT,CST-MUMBAI,RVJ,RAVLI JN
MINIMUM_STOPS,98876,2,RVJ,RAVLI JN,CSMT,CST-MUMBAI
MINIMUM_STOPS,98877,2,CSMT,CST-MUMBAI,RVJ,RAVLI JN
MINIMUM_STOPS,98878,2,RVJ,RAVLI JN,CSMT,CST-MUMBAI
MINIMUM_STOPS,98879,2,CSMT,CST-MUMBAI,RVJ,RAVLI JN
MINIMUM_STOPS,98880,2,RVJ,RAVLI JN,CSMT,CST-MUMBAI
MINIMUM_STOPS,98881,2,CSMT,CST-MUMBAI,RVJ,RAVLI JN
MINIMUM_STOPS,98882,2,RVJ,RAVLI JN,CSMT,CST-MUMBAI
MINIMUM_STOPS,98883,2,CSMT,CST-MUMBAI,RVJ,RAVLI JN
MINIMUM_STOPS,98884,2,RVJ,RAVLI JN,CSMT,CST-MUMBAI
MINIMUM_STOPS,98885,2,CSMT,CST-MUMBAI,RVJ,RAVLI JN
MINIMUM_STOPS,98886,2,RVJ,RAVLI JN,CSMT,CST-MUMBAI
MINIMUM_STOPS,98887,2,CSMT,CST-MUMBAI,RVJ,RAVLI JN
MINIMUM_STOPS,98900,2,RVJ,RAVLI JN,PNVL,PANVEL
MINIMUM_STOPS,98901,2,PNVL,PANVEL,VDLR,MUMBAI VADAL
MINIMUM_STOPS,98902,2,RVJ,RAVLI JN,PNVL,PANVEL
MINIMUM_STOPS,98903,2,PNVL,PANVEL,VDLR,MUMBAI VADAL
MINIMUM_STOPS,98904,2,RVJ,RAVLI JN,PNVL,PANVEL
MINIMUM_STOPS,98905,2,PNVL,PANVEL,VDLR,MUMBAI VADAL
MINIMUM_STOPS,98906,2,RVJ,RAVLI JN,PNVL,PANVEL
MINIMUM_STOPS,98907,2,PNVL,PANVEL,VDLR,MUMBAI VADAL
MINIMUM_STOPS,98908,2,RVJ,RAVLI JN,PNVL,PANVEL
MINIMUM_STOPS,98909,2,PNVL,PANVEL,VDLR,MUMBAI VADAL
MINIMUM_STOPS,98910,2,RVJ,RAVLI JN,PNVL,PANVEL
MINIMUM_STOPS,98911,2,PNVL,PANVEL,VDLR,MUMBAI VADAL
MINIMUM_STOPS,98912,2,RVJ,RAVLI JN,PNVL,PANVEL
MINIMUM_STOPS,98914,2,RVJ,RAVLI JN,PNVL,PANVEL
MINIMUM_STOPS,98915,2,PNVL,PANVEL,RVJ,RAVLI JN
MINIMUM_STOPS,98916,2,RVJ,RAVLI JN,PNVL,PANVEL
MINIMUM_STOPS,99000,2,PNVL,PANVEL,TNA,THANE
MINIMUM_STOPS,99001,2,TNA,THANE,PNVL,PANVEL
MINIMUM_STOPS,99002,2,PNVL,PANVEL,TNA,THANE
MINIMUM_STOPS,99003,2,TNA,THANE,PNVL,PANVEL
MINIMUM_STOPS,99004,2,PNVL,PANVEL,TNA,THANE
MINIMUM_STOPS,99005,2,TNA,THANE,PNVL,PANVEL
MINIMUM_STOPS,99006,2,PNVL,PANVEL,TNA,THANE
MINIMUM_STOPS,99007,2,TNA,THANE,PNVL,PANVEL
MINIMUM_STOPS,99008,2,PNVL,PANVEL,TNA,THANE
MINIMUM_STOPS,99009,2,TNA,THANE,PNVL,PANVEL
MINIMUM_STOPS,99010,2,PNVL,PANVEL,TNA,THANE
MINIMUM_STOPS,99011,2,TNA,THANE,PNVL,PANVEL
MINIMUM_STOPS,99012,2,PNVL,PANVEL,TNA,THANE
MINIMUM_STOPS,99013,2,TNA,THANE,PNVL,PANVEL
MINIMUM_STOPS,99014,2,PNVL,PANVEL,TNA,THANE
MINIMUM_STOPS,99015,2,TNA,THANE,PNVL,PANVEL
MINIMUM_STOPS,99016,2,PNVL,PANVEL,TNA,THANE
MINIMUM_STOPS,99017,2,TNA,THANE,PNVL,PANVEL
MINIMUM_STOPS,99018,2,PNVL,PANVEL,TNA,THANE
MINIMUM_STOPS,99019,2,TNA,THANE,PNVL,PANVEL
MINIMUM_STOPS,99020,2,PNVL,PANVEL,TNA,THANE
MINIMUM_STOPS,99021,2,TNA,THANE,PNVL,PANVEL
MINIMUM_STOPS,99022,2,PNVL,PANVEL,TNA,THANE
MINIMUM_STOPS,99023,2,TNA,THANE,PNVL,PANVEL
MINIMUM_STOPS,99024,2,PNVL,PANVEL,TNA,THANE
MINIMUM_STOPS,99025,2,TNA,THANE,PNVL,PANVEL
MINIMUM_STOPS,99026,2,PNVL,PANVEL,TNA,THANE
MINIMUM_STOPS,99027,2,TNA,THANE,PNVL,PANVEL
MINIMUM_STOPS,99028,2,PNVL,PANVEL,TNA,THANE
MINIMUM_STOPS,99029,2,TNA,THANE,PNVL,PANVEL
MINIMUM_STOPS,99030,2,PNVL,PANVEL,TNA,THANE
MINIMUM_STOPS,99031,2,TNA,THANE,PNVL,PANVEL
MINIMUM_STOPS,99032,2,PNVL,PANVEL,TNA,THANE
MINIMUM_STOPS,99033,2,TNA,THANE,PNVL,PANVEL
MINIMUM_STOPS,99034,2,PNVL,PANVEL,TNA,THANE
MINIMUM_STOPS,99035,2,TNA,THANE,PNVL,PANVEL
MINIMUM_STOPS,99036,2,PNVL,PANVEL,TNA,THANE
MINIMUM_STOPS,99037,2,TNA,THANE,PNVL,PANVEL
MINIMUM_STOPS,99038,2,PNVL,PANVEL,TNA,THANE
MINIMUM_STOPS,99039,2,TNA,THANE,PNVL,PANVEL
MINIMUM_STOPS,99040,2,PNVL,PANVEL,TNA,THANE
MINIMUM_STOPS,99041,2,TNA,THANE,PNVL,PANVEL
MINIMUM_STOPS,99042,2,PNVL,PANVEL,TNA,THANE
MINIMUM_STOPS,99100,2,BEPR,BELAPUR C.B.,TNA,THANE
MINIMUM_STOPS,99101,2,TNA,THANE,BEPR,BELAPUR C.B.
MINIMUM_STOPS,99102,2,BEPR,BELAPUR C.B.,TNA,THANE
MINIMUM_STOPS,99103,2,TNA,THANE,BEPR,BELAPUR C.B.
MINIMUM_STOPS,99104,2,BEPR,BELAPUR C.B.,TNA,THANE
MINIMUM_STOPS,99105,2,TNA,THANE,BEPR,BELAPUR C.B.
MINIMUM_STOPS,99107,2,TNA,THANE,BEPR,BELAPUR C.B.
MINIMUM_STOPS,99200,2,NEU,NERUL,TNA,THANE
MINIMUM_STOPS,99201,2,TNA,THANE,NEU,NERUL
MINIMUM_STOPS,99202,2,NEU,NERUL,TNA,THANE
MINIMUM_STOPS,99203,2,TNA,THANE,NEU,NERUL
MINIMUM_STOPS,99204,2,NEU,NERUL,TNA,THANE
MINIMUM_STOPS,99205,2,TNA,THANE,NEU,NERUL
MINIMUM_STOPS,99206,2,NEU,NERUL,TNA,THANE
MINIMUM_STOPS,99207,2,TNA,THANE,NEU,NERUL
MINIMUM_STOPS,99208,2,NEU,NERUL,TNA,THANE
MINIMUM_STOPS,99209,2,TNA,THANE,NEU,NERUL
MINIMUM_STOPS,99210,2,NEU,NERUL,TNA,THANE
MINIMUM_STOPS,99211,2,TNA,THANE,NEU,NERUL
MINIMUM_STOPS,99212,2,NEU,NERUL,TNA,THANE
MINIMUM_STOPS,99213,2,TNA,THANE,NEU,NERUL
MINIMUM_STOPS,99214,2,NEU,NERUL,TNA,THANE
MINIMUM_STOPS,99215,2,TNA,THANE,NEU,NERUL
MINIMUM_STOPS,99216,2,NEU,NERUL,TNA,THANE
MINIMUM_STOPS,99217,2,TNA,THANE,NEU,NERUL
MINIMUM_STOPS,99218,2,NEU,NERUL,TNA,THANE
MINIMUM_STOPS,99219,2,TNA,THANE,NEU,NERUL
MINIMUM_STOPS,99220,2,NEU,NERUL,TNA,THANE
MINIMUM_STOPS,99221,2,TNA,THANE,NEU,NERUL
MINIMUM_STOPS,99222,2,NEU,NERUL,TNA,THANE
MINIMUM_STOPS,99223,2,TNA,THANE,NEU,NERUL
MINIMUM_STOPS,99224,2,NEU,NERUL,TNA,THANE
MINIMUM_STOPS,99225,2,TNA,THANE,NEU,NERUL
MINIMUM_STOPS,99226,2,NEU,NERUL,TNA,THANE
MINIMUM_STOPS,99227,2,TNA,THANE,NEU,NERUL
MINIMUM_STOPS,99228,2,NEU,NERUL,TNA,THANE
MINIMUM_STOPS,99229,2,TNA,THANE,NEU,NERUL
MINIMUM_STOPS,99230,2,NEU,NERUL,TNA,THANE
MINIMUM_STOPS,99231,2,TNA,THANE,NEU,NERUL
MINIMUM_STOPS,99232,2,NEU,NERUL,TNA,THANE
MINIMUM_STOPS,99233,2,TNA,THANE,NEU,NERUL
MINIMUM_STOPS,99234,2,NEU,NERUL,TNA,THANE
MINIMUM_STOPS,99235,2,TNA,THANE,NEU,NERUL
MINIMUM_STOPS,99236,2,NEU,NERUL,TNA,THANE
MINIMUM_STOPS,99237,2,TNA,THANE,NEU,NERUL
MINIMUM_STOPS,99238,2,NEU,NERUL,TNA,THANE
MINIMUM_STOPS,99239,2,TNA,THANE,NEU,NERUL
MINIMUM_STOPS,99240,2,NEU,NERUL,TNA,THANE
MINIMUM_STOPS,99241,2,TNA,THANE,NEU,NERUL
MINIMUM_STOPS,99242,2,NEU,NERUL,TNA,THANE
MINIMUM_STOPS,99243,2,TNA,THANE,NEU,NERUL
MINIMUM_STOPS,99244,2,NEU,NERUL,TNA,THANE
MINIMUM_STOPS,99245,2,TNA,THANE,NEU,NERUL
MINIMUM_STOPS,99246,2,NEU,NERUL,TNA,THANE
MINIMUM_STOPS,99247,2,TNA,THANE,NEU,NERUL
MINIMUM_STOPS,99248,2,NEU,NERUL,TNA,THANE
MINIMUM_STOPS,99249,2,TNA,THANE,NEU,NERUL
MINIMUM_STOPS,99250,2,NEU,NERUL,TNA,THANE
MINIMUM_STOPS,99251,2,TNA,THANE,NEU,NERUL
MINIMUM_STOPS,99252,2,NEU,NERUL,TNA,THANE
MINIMUM_STOPS,99253,2,TNA,THANE,NEU,NERUL
MINIMUM_STOPS,99254,2,NEU,NERUL,TNA,THANE
MINIMUM_STOPS,99255,2,TNA,THANE,NEU,NERUL
MINIMUM_STOPS,99400,2,VSH,VASHI,TNA,THANE
MINIMUM_STOPS,99401,2,TNA,THANE,VSH,VASHI
MINIMUM_STOPS,99402,2,VSH,VASHI,TNA,THANE
MINIMUM_STOPS,99403,2,TNA,THANE,VSH,VASHI
MINIMUM_STOPS,99404,2,VSH,VASHI,TNA,THANE
MINIMUM_STOPS,99405,2,TNA,THANE,VSH,VASHI
MINIMUM_STOPS,99406,2,VSH,VASHI,TNA,THANE
MINIMUM_STOPS,99407,2,TNA,THANE,VSH,VASHI
MINIMUM_STOPS,99408,2,VSH,VASHI,TNA,THANE
MINIMUM_STOPS,99409,2,TNA,THANE,VSH,VASHI
MINIMUM_STOPS,99410,2,VSH,VASHI,TNA,THANE
MINIMUM_STOPS,99411,2,TNA,THANE,VSH,VASHI
MINIMUM_STOPS,99412,2,VSH,VASHI,TNA,THANE
MINIMUM_STOPS,99413,2,TNA,THANE,VSH,VASHI
MINIMUM_STOPS,99414,2,VSH,VASHI,TNA,THANE
MINIMUM_STOPS,99415,2,TNA,THANE,VSH,VASHI
MINIMUM_STOPS,99416,2,VSH,VASHI,TNA,THANE
MINIMUM_STOPS,99417,2,TNA,THANE,VSH,VASHI
MINIMUM_STOPS,99418,2,VSH,VASHI,TNA,THANE
MINIMUM_STOPS,99419,2,TNA,THANE,VSH,VASHI
MINIMUM_STOPS,99420,2,VSH,VASHI,TNA,THANE
MINIMUM_STOPS,99421,2,TNA,THANE,VSH,VASHI
MINIMUM_STOPS,99422,2,VSH,VASHI,TNA,THANE
MINIMUM_STOPS,99423,2,TNA,THANE,VSH,VASHI
MINIMUM_STOPS,99424,2,VSH,VASHI,TNA,THANE
MINIMUM_STOPS,99425,2,TNA,THANE,VSH,VASHI
MINIMUM_STOPS,99426,2,VSH,VASHI,TNA,THANE
MINIMUM_STOPS,99427,2,TNA,THANE,VSH,VASHI
MINIMUM_STOPS,99428,2,VSH,VASHI,TNA,THANE
MINIMUM_STOPS,99429,2,TNA,THANE,VSH,VASHI
MINIMUM_STOPS,99430,2,VSH,VASHI,TNA,THANE
MINIMUM_STOPS,99431,2,TNA,THANE,VSH,VASHI
MINIMUM_STOPS,99432,2,VSH,VASHI,TNA,THANE
MINIMUM_STOPS,99433,2,TNA,THANE,VSH,VASHI
MINIMUM_STOPS,99434,2,VSH,VASHI,TNA,THANE
MINIMUM_STOPS,99435,2,TNA,THANE,VSH,VASHI
MINIMUM_STOPS,99436,2,VSH,VASHI,TNA,THANE
MINIMUM_STOPS,99437,2,TNA,THANE,VSH,VASHI
MINIMUM_STOPS,99438,2,VSH,VASHI,TNA,THANE
MINIMUM_STOPS,99439,2,TNA,THANE,VSH,VASHI
MINIMUM_STOPS,99440,2,VSH,VASHI,TNA,THANE
MINIMUM_STOPS,99441,2,TNA,THANE,VSH,VASHI
MINIMUM_STOPS,99442,2,VSH,VASHI,TNA,THANE
MINIMUM_STOPS,99443,2,TNA,THANE,VSH,VASHI
MINIMUM_STOPS,99444,2,VSH,VASHI,TNA,THANE
MINIMUM_STOPS,99445,2,TNA,THANE,VSH,VASHI
MINIMUM_STOPS,99446,2,VSH,VASHI,TNA,THANE
MINIMUM_STOPS,99447,2,TNA,THANE,VSH,VASHI
MINIMUM_STOPS,99448,2,VSH,VASHI,TNA,THANE
MINIMUM_STOPS,99449,2,TNA,THANE,VSH,VASHI
MINIMUM_STOPS,99450,2,VSH,VASHI,TNA,THANE
MINIMUM_STOPS,99451,2,TNA,THANE,VSH,VASHI
MINIMUM_STOPS,99452,2,VSH,VASHI,TNA,THANE
MINIMUM_STOPS,99453,2,TNA,THANE,VSH,VASHI
MINIMUM_STOPS,99454,2,VSH,VASHI,TNA,THANE
MINIMUM_STOPS,99455,2,TNA,THANE,VSH,VASHI
MINIMUM_STOPS,99456,2,VSH,VASHI,TNA,THANE
MINIMUM_STOPS,99457,2,TNA,THANE,VSH,VASHI
MINIMUM_STOPS,99458,2,VSH,VASHI,TNA,THANE
MINIMUM_STOPS,99459,2,TNA,THANE,VSH,VASHI
MINIMUM_STOPS,99460,2,VSH,VASHI,TNA,THANE
MINIMUM_STOPS,99461,2,TNA,THANE,VSH,VASHI
MINIMUM_STOPS,99462,2,VSH,VASHI,TNA,THANE
MINIMUM_STOPS,99463,2,TNA,THANE,VSH,VASHI
MINIMUM_STOPS,99464,2,VSH,VASHI,TNA,THANE
MINIMUM_STOPS,99465,2,TNA,THANE,VSH,VASHI
MINIMUM_STOPS,99466,2,VSH,VASHI,TNA,THANE
MINIMUM_STOPS,99467,2,TNA,THANE,VSH,VASHI
MINIMUM_STOPS,99468,2,VSH,VASHI,TNA,THANE
MINIMUM_STOPS,99469,2,TNA,THANE,VSH,VASHI
MINIMUM_STOPS,99470,2,VSH,VASHI,TNA,THANE
MINIMUM_STOPS,99471,2,TNA,THANE,VSH,VASHI
MINIMUM_STOPS,99472,2,VSH,VASHI,TNA,THANE
MINIMUM_STOPS,99473,2,TNA,THANE,VSH,VASHI
MINIMUM_STOPS,99474,2,VSH,VASHI,TNA,THANE
MINIMUM_STOPS,99475,2,TNA,THANE,VSH,VASHI
MINIMUM_STOPS,99476,2,VSH,VASHI,TNA,THANE
MINIMUM_STOPS,99477,2,TNA,THANE,VSH,VASHI
MINIMUM_STOPS,99478,2,VSH,VASHI,TNA,THANE
MINIMUM_STOPS,99479,2,TNA,THANE,VSH,VASHI
MINIMUM_STOPS,99480,2,VSH,VASHI,TNA,THANE
MINIMUM_STOPS,99481,2,TNA,THANE,VSH,VASHI
MINIMUM_STOPS,99482,2,VSH,VASHI,TNA,THANE
MINIMUM_STOPS,99483,2,TNA,THANE,VSH,VASHI
MINIMUM_STOPS,99484,2,VSH,VASHI,TNA,THANE
MINIMUM_STOPS,99485,2,TNA,THANE,VSH,VASHI
MINIMUM_STOPS,99486,2,VSH,VASHI,TNA,THANE
MINIMUM_STOPS,99487,2,TNA,THANE,VSH,VASHI
MINIMUM_STOPS,99488,2,VSH,VASHI,TNA,THANE
MINIMUM_STOPS,99489,2,TNA,THANE,VSH,VASHI
MINIMUM_STOPS,99490,2,VSH,VASHI,TNA,THANE
MINIMUM_STOPS,99491,2,TNA,THANE,VSH,VASHI
MINIMUM_STOPS,99492,2,VSH,VASHI,TNA,THANE
MINIMUM_STOPS,99493,2,TNA,THANE,VSH,VASHI
MINIMUM_STOPS,99494,2,VSH,VASHI,TNA,THANE
MINIMUM_STOPS,99495,2,TNA,THANE,VSH,VASHI
MINIMUM_STOPS,99496,2,VSH,VASHI,TNA,THANE
MINIMUM_STOPS,99497,2,TNA,THANE,VSH,VASHI
MINIMUM_STOPS,99498,2,VSH,VASHI,TNA,THANE
MINIMUM_STOPS,99499,2,TNA,THANE,VSH,VASHI
MINIMUM_STOPS,99500,2,VSH,VASHI,TNA,THANE
MINIMUM_STOPS,99501,2,TNA,THANE,VSH,VASHI
MINIMUM_STOPS,99502,2,VSH,VASHI,TNA,THANE
MINIMUM_STOPS,99503,2,TNA,THANE,VSH,VASHI
